year,point,pf_usd_per_mw,fair_usd_per_mw,fair_share,top10_share,best_day,best_day_share,quick_estimate_usd_per_mw,negative_intervals
2019,LZ_HOUSTON,103671,-1678,-0.016,0.611,2019-08-15,0.163,99761,167
2019,LZ_NORTH,103185,-1437,-0.014,0.61,2019-08-15,0.164,99746,201
2019,LZ_SOUTH,110440,-452,-0.004,0.566,2019-08-15,0.153,104650,243
2019,LZ_WEST,145716,5205,0.036,0.439,2019-08-15,0.116,130950,1093
2019,LZ_AEN,102284,-1563,-0.015,0.615,2019-08-15,0.166,99080,201
2019,LZ_CPS,107593,1997,0.019,0.614,2019-08-15,0.157,102780,201
2019,LZ_LCRA,103035,-220,-0.002,0.613,2019-08-15,0.164,99815,215
2019,LZ_RAYBN,102188,-1814,-0.018,0.612,2019-08-15,0.166,98795,171
2019,HB_HOUSTON,102965,-1906,-0.019,0.615,2019-08-15,0.164,99390,174
2019,HB_NORTH,101841,-1662,-0.016,0.617,2019-08-15,0.166,98541,212
2019,HB_SOUTH,99177,-1782,-0.018,0.63,2019-08-15,0.171,96194,235
2019,HB_WEST,103678,-1014,-0.01,0.607,2019-08-15,0.163,100985,1327
2019,HB_HUBAVG,101111,-1591,-0.016,0.621,2019-08-15,0.167,97950,234
2019,HB_BUSAVG,101066,-1646,-0.016,0.621,2019-08-15,0.168,97843,221
2020,LZ_HOUSTON,36375,-4442,-0.122,0.449,2020-08-15,0.068,37556,313
2020,LZ_NORTH,32724,-4378,-0.134,0.449,2020-08-15,0.076,34850,335
2020,LZ_SOUTH,50730,-1504,-0.03,0.328,2020-08-15,0.048,50085,403
2020,LZ_WEST,80212,3173,0.04,0.253,2020-02-03,0.036,65475,2494
2020,LZ_AEN,35859,-3881,-0.108,0.412,2020-08-15,0.069,37114,353
2020,LZ_CPS,33583,-4415,-0.131,0.446,2020-08-15,0.073,35753,350
2020,LZ_LCRA,33729,-4098,-0.121,0.433,2020-08-15,0.073,35434,372
2020,LZ_RAYBN,32381,-4937,-0.152,0.447,2020-08-15,0.077,34347,321
2020,HB_HOUSTON,36149,-4562,-0.126,0.453,2020-08-15,0.068,37285,320
2020,HB_NORTH,32047,-4554,-0.142,0.456,2020-08-15,0.077,34185,343
2020,HB_SOUTH,31592,-4645,-0.147,0.455,2020-08-15,0.078,33922,358
2020,HB_WEST,34855,-3374,-0.097,0.425,2020-08-15,0.071,37876,2813
2020,HB_PAN,39218,-1802,-0.046,0.381,2020-08-15,0.064,44504,9099
2020,HB_HUBAVG,32854,-4284,-0.13,0.447,2020-08-15,0.075,35025,385
2020,HB_BUSAVG,32276,-4435,-0.137,0.45,2020-08-15,0.076,34439,342
2021,LZ_HOUSTON,127798,-14955,-0.117,0.638,2021-02-15,0.142,113143,615
2021,LZ_NORTH,117895,-14506,-0.123,0.646,2021-02-15,0.189,107863,748
2021,LZ_SOUTH,115624,-19241,-0.166,0.67,2021-02-15,0.205,105659,1092
2021,LZ_WEST,124452,-13210,-0.106,0.627,2021-02-15,0.189,112876,3434
2021,LZ_AEN,117814,-13637,-0.116,0.696,2021-02-15,0.206,107228,968
2021,LZ_CPS,121130,-14213,-0.117,0.639,2021-02-15,0.202,107447,1090
2021,LZ_LCRA,117728,-13167,-0.112,0.647,2021-02-15,0.155,108215,973
2021,LZ_RAYBN,117830,-15894,-0.135,0.651,2021-02-15,0.188,107285,730
2021,HB_HOUSTON,122316,-15203,-0.124,0.656,2021-02-15,0.148,110425,629
2021,HB_NORTH,115977,-15207,-0.131,0.654,2021-02-15,0.191,105871,741
2021,HB_SOUTH,110147,-17363,-0.158,0.675,2021-02-15,0.208,101206,1190
2021,HB_WEST,116809,-14995,-0.128,0.651,2021-02-15,0.191,107329,3262
2021,HB_PAN,120718,-14339,-0.119,0.632,2021-02-15,0.184,112848,8718
2021,HB_HUBAVG,114495,-15692,-0.137,0.669,2021-02-15,0.178,104742,853
2021,HB_BUSAVG,114316,-15643,-0.137,0.655,2021-02-15,0.191,104545,860
2022,LZ_HOUSTON,137659,19696,0.143,0.422,2022-07-13,0.071,118835,379
2022,LZ_NORTH,105906,18879,0.178,0.506,2022-07-13,0.097,97344,522
2022,LZ_SOUTH,98935,13032,0.132,0.409,2022-07-13,0.091,90455,861
2022,LZ_WEST,132364,20178,0.152,0.406,2022-07-13,0.079,116860,3533
2022,LZ_AEN,120484,23827,0.198,0.47,2022-07-13,0.094,109612,612
2022,LZ_CPS,114068,21340,0.187,0.465,2022-07-13,0.095,103381,749
2022,LZ_LCRA,117530,22483,0.191,0.464,2022-07-13,0.093,106971,641
2022,LZ_RAYBN,106212,18893,0.178,0.504,2022-07-13,0.097,97571,507
2022,HB_HOUSTON,133263,19635,0.147,0.433,2022-07-13,0.074,116514,402
2022,HB_NORTH,104986,18515,0.176,0.506,2022-07-13,0.098,96366,544
2022,HB_SOUTH,101388,15864,0.156,0.447,2022-07-13,0.092,93152,833
2022,HB_WEST,112676,18197,0.162,0.468,2022-07-13,0.092,103340,4212
2022,HB_PAN,111667,19231,0.172,0.474,2022-07-13,0.093,103035,6345
2022,HB_HUBAVG,109665,18053,0.165,0.459,2022-07-13,0.09,99746,601
2022,HB_BUSAVG,106611,18020,0.169,0.477,2022-07-13,0.093,97465,591
2023,LZ_HOUSTON,178983,62721,0.35,0.531,2023-08-17,0.075,135672,497
2023,LZ_NORTH,178259,65487,0.367,0.541,2023-08-17,0.078,135765,557
2023,LZ_SOUTH,147725,48661,0.329,0.558,2023-08-17,0.081,113383,784
2023,LZ_WEST,221716,63026,0.284,0.429,2023-08-17,0.062,166448,2725
2023,LZ_AEN,194322,71956,0.37,0.496,2023-08-17,0.071,148344,489
2023,LZ_CPS,181770,66563,0.366,0.531,2023-08-17,0.076,137748,513
2023,LZ_LCRA,191094,69603,0.364,0.502,2023-08-17,0.072,145563,497
2023,LZ_RAYBN,179528,65718,0.366,0.541,2023-08-17,0.077,136481,524
2023,HB_HOUSTON,178332,62712,0.352,0.534,2023-08-17,0.076,135257,493
2023,HB_NORTH,177033,64796,0.366,0.544,2023-08-17,0.078,134711,550
2023,HB_SOUTH,159103,55321,0.348,0.557,2023-08-17,0.081,120943,701
2023,HB_WEST,186030,62691,0.337,0.511,2023-08-17,0.074,142375,3004
2023,HB_PAN,177742,62005,0.349,0.537,2023-08-17,0.078,136927,6236
2023,HB_HUBAVG,172985,61380,0.355,0.542,2023-08-17,0.078,131683,630
2023,HB_BUSAVG,172668,62187,0.36,0.546,2023-08-17,0.079,131398,606
2024,LZ_HOUSTON,49986,10019,0.2,0.468,2024-05-08,0.128,51720,545
2024,LZ_NORTH,52610,12177,0.231,0.46,2024-05-08,0.123,54338,792
2024,LZ_SOUTH,62471,15034,0.241,0.428,2024-05-08,0.102,60906,1003
2024,LZ_WEST,78403,8074,0.103,0.32,2024-05-08,0.083,74505,2847
2024,LZ_AEN,58787,15068,0.256,0.448,2024-05-08,0.108,59425,637
2024,LZ_CPS,56618,13522,0.239,0.437,2024-05-08,0.111,57270,738
2024,LZ_LCRA,60599,16738,0.276,0.416,2024-05-08,0.105,61255,730
2024,LZ_RAYBN,51951,11604,0.223,0.462,2024-05-08,0.124,53893,706
2024,HB_HOUSTON,49004,10352,0.211,0.476,2024-05-08,0.131,51026,541
2024,HB_NORTH,50803,11099,0.218,0.472,2024-05-08,0.127,52894,794
2024,HB_SOUTH,51364,10832,0.211,0.462,2024-05-08,0.123,52712,900
2024,HB_WEST,60254,11658,0.193,0.402,2024-05-08,0.106,61361,3497
2024,HB_PAN,56101,11000,0.196,0.432,2024-05-08,0.115,58673,8098
2024,HB_HUBAVG,51170,10985,0.215,0.463,2024-05-08,0.125,53166,842
2024,HB_BUSAVG,50454,11002,0.218,0.471,2024-05-08,0.127,52566,826
2025,LZ_HOUSTON,33927,2055,0.061,0.243,2025-04-07,0.057,39869,584
2025,LZ_NORTH,39845,2410,0.06,0.283,2025-01-15,0.068,45701,891
2025,LZ_SOUTH,35914,175,0.005,0.276,2025-02-19,0.093,41644,878
2025,LZ_WEST,55899,-7948,-0.142,0.21,2025-01-15,0.045,58251,1974
2025,LZ_AEN,46097,7020,0.152,0.265,2025-05-16,0.047,51044,887
2025,LZ_CPS,43524,5256,0.121,0.233,2025-05-16,0.06,49012,868
2025,LZ_LCRA,52674,8148,0.155,0.314,2025-02-19,0.084,56828,873
2025,LZ_RAYBN,39801,2008,0.05,0.281,2025-01-15,0.075,45373,885
2025,HB_HOUSTON,34063,2134,0.063,0.243,2025-04-07,0.056,40012,591
2025,HB_NORTH,38041,1612,0.042,0.279,2025-01-15,0.067,44109,949
2025,HB_SOUTH,33786,1004,0.03,0.223,2025-05-16,0.05,40699,992
2025,HB_WEST,43248,-585,-0.014,0.24,2025-01-15,0.055,49830,2650
2025,HB_PAN,41494,739,0.018,0.256,2025-01-15,0.061,47771,6962
2025,HB_HUBAVG,35336,1042,0.029,0.244,2025-05-16,0.055,41923,904
2025,HB_BUSAVG,35656,1289,0.036,0.258,2025-05-16,0.056,42104,890
