day,zone,score,flagged,spiked
2024-01-01,LZ_HOUSTON,0.0084,0,0
2024-01-01,LZ_NORTH,0.008,0,0
2024-01-01,LZ_SOUTH,0.0076,0,0
2024-01-01,LZ_WEST,0.0149,0,0
2024-01-02,LZ_HOUSTON,0.0121,0,0
2024-01-02,LZ_NORTH,0.0119,0,0
2024-01-02,LZ_SOUTH,0.0112,0,0
2024-01-02,LZ_WEST,0.0222,0,0
2024-01-03,LZ_HOUSTON,0.0109,0,0
2024-01-03,LZ_NORTH,0.0116,0,0
2024-01-03,LZ_SOUTH,0.011,0,0
2024-01-03,LZ_WEST,0.0243,0,0
2024-01-04,LZ_HOUSTON,0.0062,0,0
2024-01-04,LZ_NORTH,0.0063,0,0
2024-01-04,LZ_SOUTH,0.006,0,0
2024-01-04,LZ_WEST,0.0074,0,0
2024-01-05,LZ_HOUSTON,0.0082,0,0
2024-01-05,LZ_NORTH,0.0079,0,0
2024-01-05,LZ_SOUTH,0.0084,0,0
2024-01-05,LZ_WEST,0.0169,0,0
2024-01-06,LZ_HOUSTON,0.0112,0,0
2024-01-06,LZ_NORTH,0.0106,0,0
2024-01-06,LZ_SOUTH,0.0115,0,0
2024-01-06,LZ_WEST,0.0256,0,0
2024-01-07,LZ_HOUSTON,0.0066,0,0
2024-01-07,LZ_NORTH,0.0059,0,0
2024-01-07,LZ_SOUTH,0.0075,0,0
2024-01-07,LZ_WEST,0.0179,0,0
2024-01-08,LZ_HOUSTON,0.0064,0,0
2024-01-08,LZ_NORTH,0.0064,0,0
2024-01-08,LZ_SOUTH,0.0058,0,0
2024-01-08,LZ_WEST,0.006,0,0
2024-01-09,LZ_HOUSTON,0.019,0,0
2024-01-09,LZ_NORTH,0.0189,0,0
2024-01-09,LZ_SOUTH,0.019,0,0
2024-01-09,LZ_WEST,0.0338,0,0
2024-01-10,LZ_HOUSTON,0.0148,0,0
2024-01-10,LZ_NORTH,0.0143,0,0
2024-01-10,LZ_SOUTH,0.0136,0,0
2024-01-10,LZ_WEST,0.023,0,0
2024-01-11,LZ_HOUSTON,0.0057,0,0
2024-01-11,LZ_NORTH,0.0057,0,0
2024-01-11,LZ_SOUTH,0.0056,0,0
2024-01-11,LZ_WEST,0.0061,0,0
2024-01-12,LZ_HOUSTON,0.0098,0,0
2024-01-12,LZ_NORTH,0.0096,0,0
2024-01-12,LZ_SOUTH,0.01,0,0
2024-01-12,LZ_WEST,0.0186,0,0
2024-01-13,LZ_HOUSTON,0.0046,0,0
2024-01-13,LZ_NORTH,0.0077,0,0
2024-01-13,LZ_SOUTH,0.0045,0,0
2024-01-13,LZ_WEST,0.0089,0,0
2024-01-14,LZ_HOUSTON,0.0265,0,0
2024-01-14,LZ_NORTH,0.0365,0,0
2024-01-14,LZ_SOUTH,0.02,0,0
2024-01-14,LZ_WEST,0.0376,0,0
2024-01-15,LZ_HOUSTON,0.4281,0,0
2024-01-15,LZ_NORTH,0.486,0,0
2024-01-15,LZ_SOUTH,0.3939,0,0
2024-01-15,LZ_WEST,0.4851,0,0
2024-01-16,LZ_HOUSTON,0.6293,0,1
2024-01-16,LZ_NORTH,0.6559,0,1
2024-01-16,LZ_SOUTH,0.595,0,1
2024-01-16,LZ_WEST,0.6579,0,1
2024-01-17,LZ_HOUSTON,0.0903,0,0
2024-01-17,LZ_NORTH,0.0805,0,0
2024-01-17,LZ_SOUTH,0.1195,0,0
2024-01-17,LZ_WEST,0.0669,0,0
2024-01-18,LZ_HOUSTON,0.009,0,0
2024-01-18,LZ_NORTH,0.0089,0,0
2024-01-18,LZ_SOUTH,0.0111,0,0
2024-01-18,LZ_WEST,0.0107,0,0
2024-01-19,LZ_HOUSTON,0.0151,0,0
2024-01-19,LZ_NORTH,0.0163,0,0
2024-01-19,LZ_SOUTH,0.0127,0,0
2024-01-19,LZ_WEST,0.0198,0,0
2024-01-20,LZ_HOUSTON,0.029,0,0
2024-01-20,LZ_NORTH,0.0322,0,0
2024-01-20,LZ_SOUTH,0.0245,0,0
2024-01-20,LZ_WEST,0.0395,0,0
2024-01-21,LZ_HOUSTON,0.0055,0,0
2024-01-21,LZ_NORTH,0.0055,0,0
2024-01-21,LZ_SOUTH,0.0055,0,0
2024-01-21,LZ_WEST,0.0065,0,0
2024-01-22,LZ_HOUSTON,0.016,0,0
2024-01-22,LZ_NORTH,0.0159,0,0
2024-01-22,LZ_SOUTH,0.0153,0,0
2024-01-22,LZ_WEST,0.0214,0,0
2024-01-23,LZ_HOUSTON,0.0125,0,0
2024-01-23,LZ_NORTH,0.0122,0,0
2024-01-23,LZ_SOUTH,0.0117,0,0
2024-01-23,LZ_WEST,0.0246,0,0
2024-01-24,LZ_HOUSTON,0.0147,0,0
2024-01-24,LZ_NORTH,0.0144,0,0
2024-01-24,LZ_SOUTH,0.0149,0,0
2024-01-24,LZ_WEST,0.0251,0,0
2024-01-25,LZ_HOUSTON,0.0141,0,0
2024-01-25,LZ_NORTH,0.014,0,0
2024-01-25,LZ_SOUTH,0.0135,0,0
2024-01-25,LZ_WEST,0.0188,0,0
2024-01-26,LZ_HOUSTON,0.0081,0,0
2024-01-26,LZ_NORTH,0.0081,0,0
2024-01-26,LZ_SOUTH,0.0079,0,0
2024-01-26,LZ_WEST,0.0097,0,0
2024-01-27,LZ_HOUSTON,0.0084,0,0
2024-01-27,LZ_NORTH,0.0088,0,0
2024-01-27,LZ_SOUTH,0.0072,0,0
2024-01-27,LZ_WEST,0.0149,0,0
2024-01-28,LZ_HOUSTON,0.0121,0,0
2024-01-28,LZ_NORTH,0.0122,0,0
2024-01-28,LZ_SOUTH,0.0112,0,0
2024-01-28,LZ_WEST,0.0205,0,0
2024-01-29,LZ_HOUSTON,0.0097,0,0
2024-01-29,LZ_NORTH,0.0097,0,0
2024-01-29,LZ_SOUTH,0.0098,0,0
2024-01-29,LZ_WEST,0.0172,0,0
2024-01-30,LZ_HOUSTON,0.0075,0,0
2024-01-30,LZ_NORTH,0.0074,0,0
2024-01-30,LZ_SOUTH,0.008,0,0
2024-01-30,LZ_WEST,0.0161,0,0
2024-01-31,LZ_HOUSTON,0.0107,0,0
2024-01-31,LZ_NORTH,0.0107,0,0
2024-01-31,LZ_SOUTH,0.0109,0,0
2024-01-31,LZ_WEST,0.0141,0,0
2024-02-01,LZ_HOUSTON,0.0052,0,0
2024-02-01,LZ_NORTH,0.0051,0,0
2024-02-01,LZ_SOUTH,0.0053,0,0
2024-02-01,LZ_WEST,0.0063,0,0
2024-02-02,LZ_HOUSTON,0.0047,0,0
2024-02-02,LZ_NORTH,0.0045,0,0
2024-02-02,LZ_SOUTH,0.0039,0,0
2024-02-02,LZ_WEST,0.0087,0,0
2024-02-03,LZ_HOUSTON,0.006,0,0
2024-02-03,LZ_NORTH,0.006,0,0
2024-02-03,LZ_SOUTH,0.006,0,0
2024-02-03,LZ_WEST,0.0061,0,0
2024-02-04,LZ_HOUSTON,0.0054,0,0
2024-02-04,LZ_NORTH,0.0054,0,0
2024-02-04,LZ_SOUTH,0.0042,0,0
2024-02-04,LZ_WEST,0.0061,0,0
2024-02-05,LZ_HOUSTON,0.0144,0,0
2024-02-05,LZ_NORTH,0.0142,0,0
2024-02-05,LZ_SOUTH,0.0141,0,0
2024-02-05,LZ_WEST,0.0213,0,0
2024-02-06,LZ_HOUSTON,0.0181,0,0
2024-02-06,LZ_NORTH,0.0173,0,0
2024-02-06,LZ_SOUTH,0.0179,0,0
2024-02-06,LZ_WEST,0.0221,0,0
2024-02-07,LZ_HOUSTON,0.0053,0,0
2024-02-07,LZ_NORTH,0.0051,0,0
2024-02-07,LZ_SOUTH,0.0047,0,0
2024-02-07,LZ_WEST,0.0039,0,0
2024-02-08,LZ_HOUSTON,0.0064,0,0
2024-02-08,LZ_NORTH,0.0061,0,0
2024-02-08,LZ_SOUTH,0.0065,0,0
2024-02-08,LZ_WEST,0.0096,0,0
2024-02-09,LZ_HOUSTON,0.0117,0,0
2024-02-09,LZ_NORTH,0.0113,0,0
2024-02-09,LZ_SOUTH,0.01,0,0
2024-02-09,LZ_WEST,0.0191,0,0
2024-02-10,LZ_HOUSTON,0.006,0,0
2024-02-10,LZ_NORTH,0.0056,0,0
2024-02-10,LZ_SOUTH,0.0058,0,0
2024-02-10,LZ_WEST,0.0092,0,0
2024-02-11,LZ_HOUSTON,0.0058,0,0
2024-02-11,LZ_NORTH,0.0059,0,0
2024-02-11,LZ_SOUTH,0.0054,0,0
2024-02-11,LZ_WEST,0.0073,0,0
2024-02-12,LZ_HOUSTON,0.0162,0,0
2024-02-12,LZ_NORTH,0.0167,0,0
2024-02-12,LZ_SOUTH,0.0167,0,0
2024-02-12,LZ_WEST,0.0281,0,0
2024-02-13,LZ_HOUSTON,0.0079,0,0
2024-02-13,LZ_NORTH,0.0078,0,0
2024-02-13,LZ_SOUTH,0.0081,0,0
2024-02-13,LZ_WEST,0.0115,0,0
2024-02-14,LZ_HOUSTON,0.0043,0,0
2024-02-14,LZ_NORTH,0.0042,0,0
2024-02-14,LZ_SOUTH,0.0044,0,0
2024-02-14,LZ_WEST,0.0072,0,0
2024-02-15,LZ_HOUSTON,0.0065,0,0
2024-02-15,LZ_NORTH,0.0065,0,0
2024-02-15,LZ_SOUTH,0.0068,0,0
2024-02-15,LZ_WEST,0.0129,0,0
2024-02-16,LZ_HOUSTON,0.0032,0,0
2024-02-16,LZ_NORTH,0.0031,0,0
2024-02-16,LZ_SOUTH,0.004,0,0
2024-02-16,LZ_WEST,0.0055,0,0
2024-02-17,LZ_HOUSTON,0.0137,0,0
2024-02-17,LZ_NORTH,0.0144,0,0
2024-02-17,LZ_SOUTH,0.0126,0,0
2024-02-17,LZ_WEST,0.0263,0,0
2024-02-18,LZ_HOUSTON,0.0092,0,0
2024-02-18,LZ_NORTH,0.0087,0,0
2024-02-18,LZ_SOUTH,0.0097,0,0
2024-02-18,LZ_WEST,0.0212,0,0
2024-02-19,LZ_HOUSTON,0.0111,0,0
2024-02-19,LZ_NORTH,0.0107,0,0
2024-02-19,LZ_SOUTH,0.0104,0,0
2024-02-19,LZ_WEST,0.0208,0,0
2024-02-20,LZ_HOUSTON,0.0072,0,0
2024-02-20,LZ_NORTH,0.0068,0,0
2024-02-20,LZ_SOUTH,0.0065,0,0
2024-02-20,LZ_WEST,0.0091,0,0
2024-02-21,LZ_HOUSTON,0.0041,0,0
2024-02-21,LZ_NORTH,0.0035,0,0
2024-02-21,LZ_SOUTH,0.0034,0,0
2024-02-21,LZ_WEST,0.0038,0,0
2024-02-22,LZ_HOUSTON,0.0129,0,0
2024-02-22,LZ_NORTH,0.0124,0,0
2024-02-22,LZ_SOUTH,0.0136,0,0
2024-02-22,LZ_WEST,0.0179,0,0
2024-02-23,LZ_HOUSTON,0.0171,0,0
2024-02-23,LZ_NORTH,0.0171,0,0
2024-02-23,LZ_SOUTH,0.0167,0,0
2024-02-23,LZ_WEST,0.028,0,0
2024-02-24,LZ_HOUSTON,0.0041,0,0
2024-02-24,LZ_NORTH,0.0041,0,0
2024-02-24,LZ_SOUTH,0.004,0,0
2024-02-24,LZ_WEST,0.0064,0,0
2024-02-25,LZ_HOUSTON,0.0189,0,0
2024-02-25,LZ_NORTH,0.0183,0,0
2024-02-25,LZ_SOUTH,0.0166,0,0
2024-02-25,LZ_WEST,0.0349,0,0
2024-02-26,LZ_HOUSTON,0.0146,0,0
2024-02-26,LZ_NORTH,0.0136,0,0
2024-02-26,LZ_SOUTH,0.0109,0,0
2024-02-26,LZ_WEST,0.0241,0,0
2024-02-27,LZ_HOUSTON,0.0107,0,0
2024-02-27,LZ_NORTH,0.0091,0,0
2024-02-27,LZ_SOUTH,0.0101,0,0
2024-02-27,LZ_WEST,0.0092,0,0
2024-02-28,LZ_HOUSTON,0.0087,0,0
2024-02-28,LZ_NORTH,0.0089,0,0
2024-02-28,LZ_SOUTH,0.005,0,0
2024-02-28,LZ_WEST,0.015,0,0
2024-02-29,LZ_HOUSTON,0.0121,0,0
2024-02-29,LZ_NORTH,0.0124,0,0
2024-02-29,LZ_SOUTH,0.0113,0,0
2024-02-29,LZ_WEST,0.0209,0,0
2024-03-01,LZ_HOUSTON,0.0129,0,0
2024-03-01,LZ_NORTH,0.0119,0,0
2024-03-01,LZ_SOUTH,0.0139,0,0
2024-03-01,LZ_WEST,0.0208,0,0
2024-03-02,LZ_HOUSTON,0.0121,0,0
2024-03-02,LZ_NORTH,0.0113,0,0
2024-03-02,LZ_SOUTH,0.0125,0,0
2024-03-02,LZ_WEST,0.0183,0,0
2024-03-03,LZ_HOUSTON,0.012,0,0
2024-03-03,LZ_NORTH,0.0114,0,0
2024-03-03,LZ_SOUTH,0.0126,0,0
2024-03-03,LZ_WEST,0.0188,0,0
2024-03-04,LZ_HOUSTON,0.0565,0,0
2024-03-04,LZ_NORTH,0.0551,0,0
2024-03-04,LZ_SOUTH,0.058,0,0
2024-03-04,LZ_WEST,0.068,0,0
2024-03-05,LZ_HOUSTON,0.1175,0,0
2024-03-05,LZ_NORTH,0.1136,0,0
2024-03-05,LZ_SOUTH,0.1172,0,0
2024-03-05,LZ_WEST,0.1415,0,0
2024-03-06,LZ_HOUSTON,0.0236,0,0
2024-03-06,LZ_NORTH,0.0203,0,0
2024-03-06,LZ_SOUTH,0.0186,0,0
2024-03-06,LZ_WEST,0.0429,0,0
2024-03-07,LZ_HOUSTON,0.0103,0,0
2024-03-07,LZ_NORTH,0.0079,0,0
2024-03-07,LZ_SOUTH,0.0107,0,0
2024-03-07,LZ_WEST,0.023,0,0
2024-03-08,LZ_HOUSTON,0.0074,0,0
2024-03-08,LZ_NORTH,0.006,0,0
2024-03-08,LZ_SOUTH,0.01,0,0
2024-03-08,LZ_WEST,0.018,0,0
2024-03-09,LZ_HOUSTON,0.0338,0,0
2024-03-09,LZ_NORTH,0.0308,0,0
2024-03-09,LZ_SOUTH,0.0335,0,0
2024-03-09,LZ_WEST,0.0684,0,0
2024-03-10,LZ_HOUSTON,0.0212,0,0
2024-03-10,LZ_NORTH,0.0177,0,0
2024-03-10,LZ_SOUTH,0.0241,0,0
2024-03-10,LZ_WEST,0.0623,0,0
2024-03-11,LZ_HOUSTON,0.0091,0,0
2024-03-11,LZ_NORTH,0.0075,0,0
2024-03-11,LZ_SOUTH,0.0106,0,0
2024-03-11,LZ_WEST,0.0217,0,0
2024-03-12,LZ_HOUSTON,0.016,0,0
2024-03-12,LZ_NORTH,0.0142,0,0
2024-03-12,LZ_SOUTH,0.0161,0,0
2024-03-12,LZ_WEST,0.0292,0,0
2024-03-13,LZ_HOUSTON,0.0175,0,0
2024-03-13,LZ_NORTH,0.0149,0,0
2024-03-13,LZ_SOUTH,0.016,0,0
2024-03-13,LZ_WEST,0.0305,0,0
2024-03-14,LZ_HOUSTON,0.0403,0,0
2024-03-14,LZ_NORTH,0.0353,0,0
2024-03-14,LZ_SOUTH,0.0358,0,0
2024-03-14,LZ_WEST,0.0807,0,0
2024-03-15,LZ_HOUSTON,0.011,0,0
2024-03-15,LZ_NORTH,0.0097,0,0
2024-03-15,LZ_SOUTH,0.0117,0,0
2024-03-15,LZ_WEST,0.02,0,0
2024-03-16,LZ_HOUSTON,0.0179,0,0
2024-03-16,LZ_NORTH,0.0162,0,0
2024-03-16,LZ_SOUTH,0.0188,0,0
2024-03-16,LZ_WEST,0.0375,0,0
2024-03-17,LZ_HOUSTON,0.0147,0,0
2024-03-17,LZ_NORTH,0.0127,0,0
2024-03-17,LZ_SOUTH,0.0155,0,0
2024-03-17,LZ_WEST,0.0388,0,0
2024-03-18,LZ_HOUSTON,0.0313,0,0
2024-03-18,LZ_NORTH,0.0297,0,0
2024-03-18,LZ_SOUTH,0.0255,0,0
2024-03-18,LZ_WEST,0.0578,0,0
2024-03-19,LZ_HOUSTON,0.0144,0,0
2024-03-19,LZ_NORTH,0.013,0,0
2024-03-19,LZ_SOUTH,0.0157,0,0
2024-03-19,LZ_WEST,0.0288,0,0
2024-03-20,LZ_HOUSTON,0.0249,0,0
2024-03-20,LZ_NORTH,0.0229,0,0
2024-03-20,LZ_SOUTH,0.0245,0,0
2024-03-20,LZ_WEST,0.0478,0,0
2024-03-21,LZ_HOUSTON,0.0474,0,0
2024-03-21,LZ_NORTH,0.0443,0,0
2024-03-21,LZ_SOUTH,0.0521,0,0
2024-03-21,LZ_WEST,0.0871,0,0
2024-03-22,LZ_HOUSTON,0.0228,0,0
2024-03-22,LZ_NORTH,0.0202,0,0
2024-03-22,LZ_SOUTH,0.0254,0,0
2024-03-22,LZ_WEST,0.0437,0,0
2024-03-23,LZ_HOUSTON,0.0107,0,0
2024-03-23,LZ_NORTH,0.0075,0,0
2024-03-23,LZ_SOUTH,0.0138,0,0
2024-03-23,LZ_WEST,0.0471,0,0
2024-03-24,LZ_HOUSTON,0.0063,0,0
2024-03-24,LZ_NORTH,0.0057,0,0
2024-03-24,LZ_SOUTH,0.0063,0,0
2024-03-24,LZ_WEST,0.0131,0,0
2024-03-25,LZ_HOUSTON,0.0132,0,0
2024-03-25,LZ_NORTH,0.0115,0,0
2024-03-25,LZ_SOUTH,0.0143,0,0
2024-03-25,LZ_WEST,0.0283,0,0
2024-03-26,LZ_HOUSTON,0.0302,0,0
2024-03-26,LZ_NORTH,0.0297,0,0
2024-03-26,LZ_SOUTH,0.0296,0,0
2024-03-26,LZ_WEST,0.0551,0,0
2024-03-27,LZ_HOUSTON,0.0137,0,0
2024-03-27,LZ_NORTH,0.0135,0,0
2024-03-27,LZ_SOUTH,0.0138,0,0
2024-03-27,LZ_WEST,0.0301,0,0
2024-03-28,LZ_HOUSTON,0.0303,0,0
2024-03-28,LZ_NORTH,0.0278,0,0
2024-03-28,LZ_SOUTH,0.033,0,0
2024-03-28,LZ_WEST,0.072,0,0
2024-03-29,LZ_HOUSTON,0.0053,0,0
2024-03-29,LZ_NORTH,0.0053,0,0
2024-03-29,LZ_SOUTH,0.0051,0,0
2024-03-29,LZ_WEST,0.0068,0,0
2024-03-30,LZ_HOUSTON,0.0086,0,0
2024-03-30,LZ_NORTH,0.0086,0,0
2024-03-30,LZ_SOUTH,0.008,0,0
2024-03-30,LZ_WEST,0.0161,0,0
2024-03-31,LZ_HOUSTON,0.0107,0,0
2024-03-31,LZ_NORTH,0.0108,0,0
2024-03-31,LZ_SOUTH,0.0098,0,0
2024-03-31,LZ_WEST,0.0144,0,0
2024-04-01,LZ_HOUSTON,0.0138,0,0
2024-04-01,LZ_NORTH,0.0116,0,0
2024-04-01,LZ_SOUTH,0.0133,0,0
2024-04-01,LZ_WEST,0.0134,0,0
2024-04-02,LZ_HOUSTON,0.0142,0,0
2024-04-02,LZ_NORTH,0.0135,0,0
2024-04-02,LZ_SOUTH,0.0151,0,0
2024-04-02,LZ_WEST,0.027,0,0
2024-04-03,LZ_HOUSTON,0.0601,0,0
2024-04-03,LZ_NORTH,0.0595,0,0
2024-04-03,LZ_SOUTH,0.0621,0,0
2024-04-03,LZ_WEST,0.0884,0,0
2024-04-04,LZ_HOUSTON,0.0197,0,0
2024-04-04,LZ_NORTH,0.0196,0,0
2024-04-04,LZ_SOUTH,0.02,0,0
2024-04-04,LZ_WEST,0.0241,0,0
2024-04-05,LZ_HOUSTON,0.0056,0,0
2024-04-05,LZ_NORTH,0.0055,0,0
2024-04-05,LZ_SOUTH,0.0057,0,0
2024-04-05,LZ_WEST,0.0032,0,0
2024-04-06,LZ_HOUSTON,0.0078,0,0
2024-04-06,LZ_NORTH,0.0079,0,0
2024-04-06,LZ_SOUTH,0.0089,0,0
2024-04-06,LZ_WEST,0.0098,0,0
2024-04-07,LZ_HOUSTON,0.057,0,0
2024-04-07,LZ_NORTH,0.0549,0,0
2024-04-07,LZ_SOUTH,0.059,0,0
2024-04-07,LZ_WEST,0.0727,0,0
2024-04-08,LZ_HOUSTON,0.0397,0,0
2024-04-08,LZ_NORTH,0.039,0,0
2024-04-08,LZ_SOUTH,0.0417,0,0
2024-04-08,LZ_WEST,0.05,0,0
2024-04-09,LZ_HOUSTON,0.0199,0,0
2024-04-09,LZ_NORTH,0.0191,0,0
2024-04-09,LZ_SOUTH,0.0237,0,0
2024-04-09,LZ_WEST,0.0257,0,0
2024-04-10,LZ_HOUSTON,0.0289,0,0
2024-04-10,LZ_NORTH,0.028,0,0
2024-04-10,LZ_SOUTH,0.0238,0,0
2024-04-10,LZ_WEST,0.043,0,0
2024-04-11,LZ_HOUSTON,0.1094,0,0
2024-04-11,LZ_NORTH,0.1066,0,0
2024-04-11,LZ_SOUTH,0.113,0,0
2024-04-11,LZ_WEST,0.1285,0,0
2024-04-12,LZ_HOUSTON,0.0076,0,0
2024-04-12,LZ_NORTH,0.0061,0,0
2024-04-12,LZ_SOUTH,0.0081,0,0
2024-04-12,LZ_WEST,0.0033,0,0
2024-04-13,LZ_HOUSTON,0.0079,0,0
2024-04-13,LZ_NORTH,0.0066,0,0
2024-04-13,LZ_SOUTH,0.0071,0,0
2024-04-13,LZ_WEST,0.0043,0,0
2024-04-14,LZ_HOUSTON,0.028,0,0
2024-04-14,LZ_NORTH,0.0288,0,0
2024-04-14,LZ_SOUTH,0.0234,0,0
2024-04-14,LZ_WEST,0.0374,0,0
2024-04-15,LZ_HOUSTON,0.0049,0,0
2024-04-15,LZ_NORTH,0.0043,0,0
2024-04-15,LZ_SOUTH,0.0045,0,0
2024-04-15,LZ_WEST,0.0051,0,0
2024-04-16,LZ_HOUSTON,0.1348,0,1
2024-04-16,LZ_NORTH,0.1349,0,1
2024-04-16,LZ_SOUTH,0.1238,0,1
2024-04-16,LZ_WEST,0.1735,0,1
2024-04-17,LZ_HOUSTON,0.1092,0,0
2024-04-17,LZ_NORTH,0.1066,0,0
2024-04-17,LZ_SOUTH,0.1094,0,0
2024-04-17,LZ_WEST,0.139,0,0
2024-04-18,LZ_HOUSTON,0.0173,0,0
2024-04-18,LZ_NORTH,0.0159,0,0
2024-04-18,LZ_SOUTH,0.0181,0,0
2024-04-18,LZ_WEST,0.0249,0,0
2024-04-19,LZ_HOUSTON,0.0192,0,0
2024-04-19,LZ_NORTH,0.018,0,0
2024-04-19,LZ_SOUTH,0.0173,0,0
2024-04-19,LZ_WEST,0.0354,0,0
2024-04-20,LZ_HOUSTON,0.0065,0,0
2024-04-20,LZ_NORTH,0.0065,0,0
2024-04-20,LZ_SOUTH,0.0068,0,0
2024-04-20,LZ_WEST,0.0119,0,0
2024-04-21,LZ_HOUSTON,0.0236,0,0
2024-04-21,LZ_NORTH,0.0233,0,0
2024-04-21,LZ_SOUTH,0.0238,0,0
2024-04-21,LZ_WEST,0.0291,0,0
2024-04-22,LZ_HOUSTON,0.0136,0,0
2024-04-22,LZ_NORTH,0.0123,0,0
2024-04-22,LZ_SOUTH,0.0147,0,0
2024-04-22,LZ_WEST,0.023,0,0
2024-04-23,LZ_HOUSTON,0.0166,0,0
2024-04-23,LZ_NORTH,0.0165,0,0
2024-04-23,LZ_SOUTH,0.0163,0,0
2024-04-23,LZ_WEST,0.0211,0,0
2024-04-24,LZ_HOUSTON,0.0363,0,0
2024-04-24,LZ_NORTH,0.0378,0,0
2024-04-24,LZ_SOUTH,0.0275,0,0
2024-04-24,LZ_WEST,0.0398,0,0
2024-04-25,LZ_HOUSTON,0.0078,0,0
2024-04-25,LZ_NORTH,0.0069,0,0
2024-04-25,LZ_SOUTH,0.0072,0,0
2024-04-25,LZ_WEST,0.0046,0,0
2024-04-26,LZ_HOUSTON,0.029,0,1
2024-04-26,LZ_NORTH,0.0301,0,1
2024-04-26,LZ_SOUTH,0.0232,0,0
2024-04-26,LZ_WEST,0.0402,0,1
2024-04-27,LZ_HOUSTON,0.0115,0,0
2024-04-27,LZ_NORTH,0.0119,0,0
2024-04-27,LZ_SOUTH,0.0089,0,0
2024-04-27,LZ_WEST,0.014,0,0
2024-04-28,LZ_HOUSTON,0.3031,0,1
2024-04-28,LZ_NORTH,0.3047,0,1
2024-04-28,LZ_SOUTH,0.2972,0,1
2024-04-28,LZ_WEST,0.3167,0,1
2024-04-29,LZ_HOUSTON,0.1009,0,0
2024-04-29,LZ_NORTH,0.1029,0,0
2024-04-29,LZ_SOUTH,0.0972,0,0
2024-04-29,LZ_WEST,0.1034,0,0
2024-04-30,LZ_HOUSTON,0.0555,0,0
2024-04-30,LZ_NORTH,0.0557,0,0
2024-04-30,LZ_SOUTH,0.055,0,0
2024-04-30,LZ_WEST,0.059,0,0
2024-05-01,LZ_HOUSTON,0.0119,0,0
2024-05-01,LZ_NORTH,0.0122,0,0
2024-05-01,LZ_SOUTH,0.0101,0,0
2024-05-01,LZ_WEST,0.0153,0,0
2024-05-02,LZ_HOUSTON,0.2596,0,0
2024-05-02,LZ_NORTH,0.2619,0,0
2024-05-02,LZ_SOUTH,0.2549,0,0
2024-05-02,LZ_WEST,0.2786,0,0
2024-05-03,LZ_HOUSTON,0.0382,0,0
2024-05-03,LZ_NORTH,0.0388,0,0
2024-05-03,LZ_SOUTH,0.0375,0,0
2024-05-03,LZ_WEST,0.0577,0,0
2024-05-04,LZ_HOUSTON,0.0208,0,0
2024-05-04,LZ_NORTH,0.0223,0,0
2024-05-04,LZ_SOUTH,0.0142,0,0
2024-05-04,LZ_WEST,0.0242,0,0
2024-05-05,LZ_HOUSTON,0.0199,0,0
2024-05-05,LZ_NORTH,0.02,0,0
2024-05-05,LZ_SOUTH,0.0178,0,0
2024-05-05,LZ_WEST,0.0233,0,0
2024-05-06,LZ_HOUSTON,0.0236,0,0
2024-05-06,LZ_NORTH,0.0225,0,0
2024-05-06,LZ_SOUTH,0.0244,0,0
2024-05-06,LZ_WEST,0.0266,0,0
2024-05-07,LZ_HOUSTON,0.0492,0,0
2024-05-07,LZ_NORTH,0.0477,0,0
2024-05-07,LZ_SOUTH,0.0507,0,0
2024-05-07,LZ_WEST,0.0515,0,0
2024-05-08,LZ_HOUSTON,0.7118,1,1
2024-05-08,LZ_NORTH,0.714,1,1
2024-05-08,LZ_SOUTH,0.7094,1,1
2024-05-08,LZ_WEST,0.7119,1,1
2024-05-09,LZ_HOUSTON,0.0182,0,0
2024-05-09,LZ_NORTH,0.0112,0,0
2024-05-09,LZ_SOUTH,0.0303,0,1
2024-05-09,LZ_WEST,0.0099,0,0
2024-05-10,LZ_HOUSTON,0.0318,0,0
2024-05-10,LZ_NORTH,0.0326,0,0
2024-05-10,LZ_SOUTH,0.0279,0,0
2024-05-10,LZ_WEST,0.0349,0,0
2024-05-11,LZ_HOUSTON,0.0084,0,0
2024-05-11,LZ_NORTH,0.0083,0,0
2024-05-11,LZ_SOUTH,0.0088,0,0
2024-05-11,LZ_WEST,0.0102,0,0
2024-05-12,LZ_HOUSTON,0.0178,0,0
2024-05-12,LZ_NORTH,0.0178,0,0
2024-05-12,LZ_SOUTH,0.0195,0,0
2024-05-12,LZ_WEST,0.0236,0,0
2024-05-13,LZ_HOUSTON,0.1811,0,0
2024-05-13,LZ_NORTH,0.1847,0,0
2024-05-13,LZ_SOUTH,0.1849,0,0
2024-05-13,LZ_WEST,0.1917,0,0
2024-05-14,LZ_HOUSTON,0.2474,0,0
2024-05-14,LZ_NORTH,0.2479,0,0
2024-05-14,LZ_SOUTH,0.2511,0,0
2024-05-14,LZ_WEST,0.2454,0,0
2024-05-15,LZ_HOUSTON,0.013,0,0
2024-05-15,LZ_NORTH,0.0128,0,0
2024-05-15,LZ_SOUTH,0.0145,0,0
2024-05-15,LZ_WEST,0.012,0,0
2024-05-16,LZ_HOUSTON,0.0461,0,0
2024-05-16,LZ_NORTH,0.0461,0,0
2024-05-16,LZ_SOUTH,0.0507,0,0
2024-05-16,LZ_WEST,0.0503,0,0
2024-05-17,LZ_HOUSTON,0.3415,0,0
2024-05-17,LZ_NORTH,0.3401,0,0
2024-05-17,LZ_SOUTH,0.3415,0,0
2024-05-17,LZ_WEST,0.3457,0,0
2024-05-18,LZ_HOUSTON,0.0402,0,0
2024-05-18,LZ_NORTH,0.04,0,0
2024-05-18,LZ_SOUTH,0.0411,0,0
2024-05-18,LZ_WEST,0.0421,0,0
2024-05-19,LZ_HOUSTON,0.013,0,0
2024-05-19,LZ_NORTH,0.0081,0,0
2024-05-19,LZ_SOUTH,0.0143,0,0
2024-05-19,LZ_WEST,0.0067,0,0
2024-05-20,LZ_HOUSTON,0.0165,0,0
2024-05-20,LZ_NORTH,0.0129,0,0
2024-05-20,LZ_SOUTH,0.0182,0,0
2024-05-20,LZ_WEST,0.0156,0,0
2024-05-21,LZ_HOUSTON,0.0288,0,0
2024-05-21,LZ_NORTH,0.0309,0,0
2024-05-21,LZ_SOUTH,0.0251,0,0
2024-05-21,LZ_WEST,0.0371,0,0
2024-05-22,LZ_HOUSTON,0.0293,0,0
2024-05-22,LZ_NORTH,0.0305,0,0
2024-05-22,LZ_SOUTH,0.028,0,0
2024-05-22,LZ_WEST,0.0356,0,0
2024-05-23,LZ_HOUSTON,0.0167,0,0
2024-05-23,LZ_NORTH,0.015,0,0
2024-05-23,LZ_SOUTH,0.0247,0,0
2024-05-23,LZ_WEST,0.0246,0,0
2024-05-24,LZ_HOUSTON,0.3126,0,0
2024-05-24,LZ_NORTH,0.3195,0,0
2024-05-24,LZ_SOUTH,0.3193,0,0
2024-05-24,LZ_WEST,0.3258,0,0
2024-05-25,LZ_HOUSTON,0.016,0,0
2024-05-25,LZ_NORTH,0.0097,0,0
2024-05-25,LZ_SOUTH,0.019,0,0
2024-05-25,LZ_WEST,0.0221,0,0
2024-05-26,LZ_HOUSTON,0.5981,0,0
2024-05-26,LZ_NORTH,0.6067,0,0
2024-05-26,LZ_SOUTH,0.6023,0,0
2024-05-26,LZ_WEST,0.6119,0,0
2024-05-27,LZ_HOUSTON,0.1254,0,0
2024-05-27,LZ_NORTH,0.1178,0,0
2024-05-27,LZ_SOUTH,0.1486,0,0
2024-05-27,LZ_WEST,0.1219,0,0
2024-05-28,LZ_HOUSTON,0.0162,0,0
2024-05-28,LZ_NORTH,0.0096,0,0
2024-05-28,LZ_SOUTH,0.0372,0,0
2024-05-28,LZ_WEST,0.0133,0,0
2024-05-29,LZ_HOUSTON,0.0101,0,0
2024-05-29,LZ_NORTH,0.0098,0,0
2024-05-29,LZ_SOUTH,0.0369,0,0
2024-05-29,LZ_WEST,0.0146,0,0
2024-05-30,LZ_HOUSTON,0.0059,0,1
2024-05-30,LZ_NORTH,0.0054,0,0
2024-05-30,LZ_SOUTH,0.0213,0,0
2024-05-30,LZ_WEST,0.0076,0,0
2024-05-31,LZ_HOUSTON,0.0216,0,0
2024-05-31,LZ_NORTH,0.0222,0,0
2024-05-31,LZ_SOUTH,0.0296,0,0
2024-05-31,LZ_WEST,0.0288,0,0
2024-06-01,LZ_HOUSTON,0.0137,0,0
2024-06-01,LZ_NORTH,0.0139,0,0
2024-06-01,LZ_SOUTH,0.0214,0,0
2024-06-01,LZ_WEST,0.0166,0,0
2024-06-02,LZ_HOUSTON,0.0107,0,0
2024-06-02,LZ_NORTH,0.0101,0,0
2024-06-02,LZ_SOUTH,0.018,0,0
2024-06-02,LZ_WEST,0.0113,0,0
2024-06-03,LZ_HOUSTON,0.0145,0,0
2024-06-03,LZ_NORTH,0.0146,0,0
2024-06-03,LZ_SOUTH,0.0265,0,0
2024-06-03,LZ_WEST,0.0165,0,0
2024-06-04,LZ_HOUSTON,0.0429,0,0
2024-06-04,LZ_NORTH,0.0452,0,0
2024-06-04,LZ_SOUTH,0.0454,0,0
2024-06-04,LZ_WEST,0.0554,0,0
2024-06-05,LZ_HOUSTON,0.058,0,0
2024-06-05,LZ_NORTH,0.0588,0,0
2024-06-05,LZ_SOUTH,0.0667,0,0
2024-06-05,LZ_WEST,0.0858,0,0
2024-06-06,LZ_HOUSTON,0.0855,0,0
2024-06-06,LZ_NORTH,0.0705,0,0
2024-06-06,LZ_SOUTH,0.1101,0,0
2024-06-06,LZ_WEST,0.076,0,0
2024-06-07,LZ_HOUSTON,0.0167,0,0
2024-06-07,LZ_NORTH,0.0073,0,0
2024-06-07,LZ_SOUTH,0.0383,0,0
2024-06-07,LZ_WEST,0.0075,0,0
2024-06-08,LZ_HOUSTON,0.0133,0,0
2024-06-08,LZ_NORTH,0.0113,0,0
2024-06-08,LZ_SOUTH,0.0231,0,0
2024-06-08,LZ_WEST,0.0118,0,0
2024-06-09,LZ_HOUSTON,0.0281,0,0
2024-06-09,LZ_NORTH,0.0257,0,0
2024-06-09,LZ_SOUTH,0.0377,0,0
2024-06-09,LZ_WEST,0.0277,0,0
2024-06-10,LZ_HOUSTON,0.0512,0,0
2024-06-10,LZ_NORTH,0.0475,0,0
2024-06-10,LZ_SOUTH,0.0575,0,0
2024-06-10,LZ_WEST,0.059,0,0
2024-06-11,LZ_HOUSTON,0.0328,0,0
2024-06-11,LZ_NORTH,0.0313,0,0
2024-06-11,LZ_SOUTH,0.0401,0,0
2024-06-11,LZ_WEST,0.0373,0,0
2024-06-12,LZ_HOUSTON,0.0299,0,0
2024-06-12,LZ_NORTH,0.0284,0,0
2024-06-12,LZ_SOUTH,0.0472,0,0
2024-06-12,LZ_WEST,0.038,0,0
2024-06-13,LZ_HOUSTON,0.0404,0,0
2024-06-13,LZ_NORTH,0.0381,0,0
2024-06-13,LZ_SOUTH,0.068,0,0
2024-06-13,LZ_WEST,0.0413,0,0
2024-06-14,LZ_HOUSTON,0.0238,0,0
2024-06-14,LZ_NORTH,0.0153,0,0
2024-06-14,LZ_SOUTH,0.0565,0,0
2024-06-14,LZ_WEST,0.0195,0,0
2024-06-15,LZ_HOUSTON,0.0184,0,0
2024-06-15,LZ_NORTH,0.0173,0,0
2024-06-15,LZ_SOUTH,0.0372,0,0
2024-06-15,LZ_WEST,0.0183,0,0
2024-06-16,LZ_HOUSTON,0.0139,0,0
2024-06-16,LZ_NORTH,0.0125,0,0
2024-06-16,LZ_SOUTH,0.0244,0,0
2024-06-16,LZ_WEST,0.0126,0,0
2024-06-17,LZ_HOUSTON,0.0089,0,0
2024-06-17,LZ_NORTH,0.0081,0,0
2024-06-17,LZ_SOUTH,0.0198,0,0
2024-06-17,LZ_WEST,0.0063,0,0
2024-06-18,LZ_HOUSTON,0.0084,0,0
2024-06-18,LZ_NORTH,0.0082,0,0
2024-06-18,LZ_SOUTH,0.0145,0,0
2024-06-18,LZ_WEST,0.005,0,0
2024-06-19,LZ_HOUSTON,0.0067,0,0
2024-06-19,LZ_NORTH,0.0066,0,0
2024-06-19,LZ_SOUTH,0.0071,0,0
2024-06-19,LZ_WEST,0.0069,0,0
2024-06-20,LZ_HOUSTON,0.0185,0,0
2024-06-20,LZ_NORTH,0.0187,0,0
2024-06-20,LZ_SOUTH,0.0185,0,0
2024-06-20,LZ_WEST,0.02,0,0
2024-06-21,LZ_HOUSTON,0.0192,0,0
2024-06-21,LZ_NORTH,0.0189,0,0
2024-06-21,LZ_SOUTH,0.0206,0,0
2024-06-21,LZ_WEST,0.0208,0,0
2024-06-22,LZ_HOUSTON,0.0267,0,0
2024-06-22,LZ_NORTH,0.0268,0,0
2024-06-22,LZ_SOUTH,0.0282,0,0
2024-06-22,LZ_WEST,0.0276,0,0
2024-06-23,LZ_HOUSTON,0.0903,0,0
2024-06-23,LZ_NORTH,0.0906,0,0
2024-06-23,LZ_SOUTH,0.0912,0,0
2024-06-23,LZ_WEST,0.0931,0,0
2024-06-24,LZ_HOUSTON,0.0489,0,0
2024-06-24,LZ_NORTH,0.0469,0,0
2024-06-24,LZ_SOUTH,0.0555,0,0
2024-06-24,LZ_WEST,0.0514,0,0
2024-06-25,LZ_HOUSTON,0.0301,0,0
2024-06-25,LZ_NORTH,0.0322,0,0
2024-06-25,LZ_SOUTH,0.0333,0,0
2024-06-25,LZ_WEST,0.0329,0,0
2024-06-26,LZ_HOUSTON,0.0615,0,0
2024-06-26,LZ_NORTH,0.0649,0,0
2024-06-26,LZ_SOUTH,0.064,0,0
2024-06-26,LZ_WEST,0.065,0,0
2024-06-27,LZ_HOUSTON,0.0177,0,0
2024-06-27,LZ_NORTH,0.0194,0,0
2024-06-27,LZ_SOUTH,0.023,0,0
2024-06-27,LZ_WEST,0.017,0,0
2024-06-28,LZ_HOUSTON,0.0116,0,0
2024-06-28,LZ_NORTH,0.0134,0,0
2024-06-28,LZ_SOUTH,0.0102,0,0
2024-06-28,LZ_WEST,0.0119,0,0
2024-06-29,LZ_HOUSTON,0.015,0,0
2024-06-29,LZ_NORTH,0.0157,0,0
2024-06-29,LZ_SOUTH,0.0131,0,0
2024-06-29,LZ_WEST,0.0167,0,0
2024-06-30,LZ_HOUSTON,0.0221,0,0
2024-06-30,LZ_NORTH,0.0228,0,0
2024-06-30,LZ_SOUTH,0.0215,0,0
2024-06-30,LZ_WEST,0.0236,0,0
2024-07-01,LZ_HOUSTON,0.0131,0,0
2024-07-01,LZ_NORTH,0.014,0,0
2024-07-01,LZ_SOUTH,0.0148,0,0
2024-07-01,LZ_WEST,0.0107,0,0
2024-07-02,LZ_HOUSTON,0.0146,0,0
2024-07-02,LZ_NORTH,0.0155,0,0
2024-07-02,LZ_SOUTH,0.0142,0,0
2024-07-02,LZ_WEST,0.0143,0,0
2024-07-03,LZ_HOUSTON,0.013,0,0
2024-07-03,LZ_NORTH,0.0148,0,0
2024-07-03,LZ_SOUTH,0.011,0,0
2024-07-03,LZ_WEST,0.0133,0,0
2024-07-04,LZ_HOUSTON,0.0218,0,0
2024-07-04,LZ_NORTH,0.0251,0,0
2024-07-04,LZ_SOUTH,0.0189,0,0
2024-07-04,LZ_WEST,0.0283,0,0
2024-07-05,LZ_HOUSTON,0.0111,0,0
2024-07-05,LZ_NORTH,0.0113,0,0
2024-07-05,LZ_SOUTH,0.0162,0,0
2024-07-05,LZ_WEST,0.0124,0,0
2024-07-06,LZ_HOUSTON,0.0152,0,0
2024-07-06,LZ_NORTH,0.0148,0,0
2024-07-06,LZ_SOUTH,0.0248,0,1
2024-07-06,LZ_WEST,0.0174,0,0
2024-07-07,LZ_HOUSTON,0.009,0,0
2024-07-07,LZ_NORTH,0.0096,0,0
2024-07-07,LZ_SOUTH,0.012,0,0
2024-07-07,LZ_WEST,0.0109,0,0
2024-07-08,LZ_HOUSTON,0.0068,0,0
2024-07-08,LZ_NORTH,0.0067,0,0
2024-07-08,LZ_SOUTH,0.0133,0,0
2024-07-08,LZ_WEST,0.0086,0,0
2024-07-09,LZ_HOUSTON,0.031,0,0
2024-07-09,LZ_NORTH,0.032,0,0
2024-07-09,LZ_SOUTH,0.0339,0,0
2024-07-09,LZ_WEST,0.0333,0,0
2024-07-10,LZ_HOUSTON,0.023,0,0
2024-07-10,LZ_NORTH,0.0239,0,0
2024-07-10,LZ_SOUTH,0.0257,0,0
2024-07-10,LZ_WEST,0.0244,0,0
2024-07-11,LZ_HOUSTON,0.0202,0,0
2024-07-11,LZ_NORTH,0.0211,0,0
2024-07-11,LZ_SOUTH,0.0209,0,0
2024-07-11,LZ_WEST,0.0246,0,0
2024-07-12,LZ_HOUSTON,0.0084,0,0
2024-07-12,LZ_NORTH,0.0087,0,0
2024-07-12,LZ_SOUTH,0.0086,0,0
2024-07-12,LZ_WEST,0.0097,0,0
2024-07-13,LZ_HOUSTON,0.0062,0,0
2024-07-13,LZ_NORTH,0.0064,0,0
2024-07-13,LZ_SOUTH,0.0064,0,0
2024-07-13,LZ_WEST,0.008,0,0
2024-07-14,LZ_HOUSTON,0.0074,0,0
2024-07-14,LZ_NORTH,0.0075,0,0
2024-07-14,LZ_SOUTH,0.0071,0,0
2024-07-14,LZ_WEST,0.0081,0,0
2024-07-15,LZ_HOUSTON,0.0114,0,0
2024-07-15,LZ_NORTH,0.0126,0,0
2024-07-15,LZ_SOUTH,0.0101,0,0
2024-07-15,LZ_WEST,0.0125,0,0
2024-07-16,LZ_HOUSTON,0.0253,0,0
2024-07-16,LZ_NORTH,0.0305,0,0
2024-07-16,LZ_SOUTH,0.0179,0,0
2024-07-16,LZ_WEST,0.0301,0,0
2024-07-17,LZ_HOUSTON,0.0206,0,0
2024-07-17,LZ_NORTH,0.0245,0,0
2024-07-17,LZ_SOUTH,0.0182,0,0
2024-07-17,LZ_WEST,0.0261,0,0
2024-07-18,LZ_HOUSTON,0.0129,0,0
2024-07-18,LZ_NORTH,0.0126,0,0
2024-07-18,LZ_SOUTH,0.0172,0,0
2024-07-18,LZ_WEST,0.0209,0,0
2024-07-19,LZ_HOUSTON,0.0131,0,0
2024-07-19,LZ_NORTH,0.013,0,0
2024-07-19,LZ_SOUTH,0.0167,0,0
2024-07-19,LZ_WEST,0.0254,0,0
2024-07-20,LZ_HOUSTON,0.0154,0,0
2024-07-20,LZ_NORTH,0.0151,0,0
2024-07-20,LZ_SOUTH,0.0148,0,0
2024-07-20,LZ_WEST,0.0288,0,0
2024-07-21,LZ_HOUSTON,0.0117,0,0
2024-07-21,LZ_NORTH,0.0113,0,0
2024-07-21,LZ_SOUTH,0.0117,0,0
2024-07-21,LZ_WEST,0.0226,0,0
2024-07-22,LZ_HOUSTON,0.0091,0,0
2024-07-22,LZ_NORTH,0.0089,0,0
2024-07-22,LZ_SOUTH,0.0089,0,0
2024-07-22,LZ_WEST,0.0179,0,0
2024-07-23,LZ_HOUSTON,0.0114,0,0
2024-07-23,LZ_NORTH,0.0112,0,0
2024-07-23,LZ_SOUTH,0.0119,0,0
2024-07-23,LZ_WEST,0.0192,0,0
2024-07-24,LZ_HOUSTON,0.0106,0,0
2024-07-24,LZ_NORTH,0.0103,0,0
2024-07-24,LZ_SOUTH,0.0112,0,0
2024-07-24,LZ_WEST,0.0181,0,0
2024-07-25,LZ_HOUSTON,0.013,0,0
2024-07-25,LZ_NORTH,0.013,0,0
2024-07-25,LZ_SOUTH,0.0132,0,0
2024-07-25,LZ_WEST,0.0224,0,0
2024-07-26,LZ_HOUSTON,0.0116,0,0
2024-07-26,LZ_NORTH,0.0115,0,0
2024-07-26,LZ_SOUTH,0.0118,0,0
2024-07-26,LZ_WEST,0.0177,0,0
2024-07-27,LZ_HOUSTON,0.0098,0,0
2024-07-27,LZ_NORTH,0.0097,0,0
2024-07-27,LZ_SOUTH,0.01,0,0
2024-07-27,LZ_WEST,0.0112,0,0
2024-07-28,LZ_HOUSTON,0.0114,0,0
2024-07-28,LZ_NORTH,0.0117,0,0
2024-07-28,LZ_SOUTH,0.0099,0,0
2024-07-28,LZ_WEST,0.0123,0,0
2024-07-29,LZ_HOUSTON,0.0193,0,0
2024-07-29,LZ_NORTH,0.0217,0,0
2024-07-29,LZ_SOUTH,0.0128,0,0
2024-07-29,LZ_WEST,0.0212,0,0
2024-07-30,LZ_HOUSTON,0.0135,0,0
2024-07-30,LZ_NORTH,0.0166,0,0
2024-07-30,LZ_SOUTH,0.0087,0,0
2024-07-30,LZ_WEST,0.0131,0,0
2024-07-31,LZ_HOUSTON,0.011,0,0
2024-07-31,LZ_NORTH,0.0158,0,0
2024-07-31,LZ_SOUTH,0.0068,0,0
2024-07-31,LZ_WEST,0.0094,0,0
2024-08-01,LZ_HOUSTON,0.0169,0,0
2024-08-01,LZ_NORTH,0.0187,0,0
2024-08-01,LZ_SOUTH,0.0157,0,0
2024-08-01,LZ_WEST,0.0177,0,0
2024-08-02,LZ_HOUSTON,0.2495,0,0
2024-08-02,LZ_NORTH,0.2623,0,0
2024-08-02,LZ_SOUTH,0.2475,0,0
2024-08-02,LZ_WEST,0.2602,0,0
2024-08-03,LZ_HOUSTON,0.0577,0,0
2024-08-03,LZ_NORTH,0.0649,0,0
2024-08-03,LZ_SOUTH,0.0562,0,0
2024-08-03,LZ_WEST,0.066,0,0
2024-08-04,LZ_HOUSTON,0.0292,0,0
2024-08-04,LZ_NORTH,0.0322,0,0
2024-08-04,LZ_SOUTH,0.028,0,0
2024-08-04,LZ_WEST,0.0371,0,0
2024-08-05,LZ_HOUSTON,0.0392,0,0
2024-08-05,LZ_NORTH,0.0445,0,0
2024-08-05,LZ_SOUTH,0.0378,0,0
2024-08-05,LZ_WEST,0.0517,0,0
2024-08-06,LZ_HOUSTON,0.3697,0,0
2024-08-06,LZ_NORTH,0.3794,0,0
2024-08-06,LZ_SOUTH,0.3655,0,0
2024-08-06,LZ_WEST,0.3745,0,0
2024-08-07,LZ_HOUSTON,0.1952,0,0
2024-08-07,LZ_NORTH,0.2081,0,0
2024-08-07,LZ_SOUTH,0.1896,0,0
2024-08-07,LZ_WEST,0.2043,0,0
2024-08-08,LZ_HOUSTON,0.0271,0,0
2024-08-08,LZ_NORTH,0.0315,0,0
2024-08-08,LZ_SOUTH,0.0257,0,0
2024-08-08,LZ_WEST,0.0324,0,0
2024-08-09,LZ_HOUSTON,0.0189,0,0
2024-08-09,LZ_NORTH,0.0186,0,0
2024-08-09,LZ_SOUTH,0.021,0,0
2024-08-09,LZ_WEST,0.0195,0,0
2024-08-10,LZ_HOUSTON,0.0134,0,0
2024-08-10,LZ_NORTH,0.0134,0,0
2024-08-10,LZ_SOUTH,0.0143,0,0
2024-08-10,LZ_WEST,0.0143,0,0
2024-08-11,LZ_HOUSTON,0.0123,0,0
2024-08-11,LZ_NORTH,0.0125,0,0
2024-08-11,LZ_SOUTH,0.0123,0,0
2024-08-11,LZ_WEST,0.014,0,0
2024-08-12,LZ_HOUSTON,0.0135,0,0
2024-08-12,LZ_NORTH,0.0143,0,0
2024-08-12,LZ_SOUTH,0.0123,0,0
2024-08-12,LZ_WEST,0.0149,0,0
2024-08-13,LZ_HOUSTON,0.0131,0,0
2024-08-13,LZ_NORTH,0.0137,0,0
2024-08-13,LZ_SOUTH,0.0125,0,0
2024-08-13,LZ_WEST,0.0171,0,0
2024-08-14,LZ_HOUSTON,0.028,0,0
2024-08-14,LZ_NORTH,0.0305,0,0
2024-08-14,LZ_SOUTH,0.0203,0,0
2024-08-14,LZ_WEST,0.0326,0,0
2024-08-15,LZ_HOUSTON,0.0678,0,0
2024-08-15,LZ_NORTH,0.0743,0,0
2024-08-15,LZ_SOUTH,0.0505,0,0
2024-08-15,LZ_WEST,0.0801,0,0
2024-08-16,LZ_HOUSTON,0.0772,0,0
2024-08-16,LZ_NORTH,0.0848,0,0
2024-08-16,LZ_SOUTH,0.0557,0,0
2024-08-16,LZ_WEST,0.0902,0,0
2024-08-17,LZ_HOUSTON,0.0374,0,0
2024-08-17,LZ_NORTH,0.0418,0,0
2024-08-17,LZ_SOUTH,0.0245,0,0
2024-08-17,LZ_WEST,0.045,0,0
2024-08-18,LZ_HOUSTON,0.098,0,0
2024-08-18,LZ_NORTH,0.1044,0,0
2024-08-18,LZ_SOUTH,0.0799,0,0
2024-08-18,LZ_WEST,0.1064,0,0
2024-08-19,LZ_HOUSTON,0.2466,0,1
2024-08-19,LZ_NORTH,0.2587,0,1
2024-08-19,LZ_SOUTH,0.21,0,1
2024-08-19,LZ_WEST,0.2574,0,1
2024-08-20,LZ_HOUSTON,0.3052,0,1
2024-08-20,LZ_NORTH,0.3164,0,1
2024-08-20,LZ_SOUTH,0.2903,0,1
2024-08-20,LZ_WEST,0.3212,0,1
2024-08-21,LZ_HOUSTON,0.0441,0,0
2024-08-21,LZ_NORTH,0.0479,0,0
2024-08-21,LZ_SOUTH,0.0403,0,0
2024-08-21,LZ_WEST,0.0559,0,0
2024-08-22,LZ_HOUSTON,0.0288,0,0
2024-08-22,LZ_NORTH,0.03,0,0
2024-08-22,LZ_SOUTH,0.0261,0,0
2024-08-22,LZ_WEST,0.0337,0,0
2024-08-23,LZ_HOUSTON,0.0107,0,0
2024-08-23,LZ_NORTH,0.0115,0,0
2024-08-23,LZ_SOUTH,0.0138,0,0
2024-08-23,LZ_WEST,0.0132,0,0
2024-08-24,LZ_HOUSTON,0.0133,0,0
2024-08-24,LZ_NORTH,0.0139,0,0
2024-08-24,LZ_SOUTH,0.0129,0,0
2024-08-24,LZ_WEST,0.0151,0,0
2024-08-25,LZ_HOUSTON,0.0153,0,0
2024-08-25,LZ_NORTH,0.0157,0,0
2024-08-25,LZ_SOUTH,0.0143,0,0
2024-08-25,LZ_WEST,0.0187,0,0
2024-08-26,LZ_HOUSTON,0.0137,0,0
2024-08-26,LZ_NORTH,0.0137,0,0
2024-08-26,LZ_SOUTH,0.0138,0,0
2024-08-26,LZ_WEST,0.0165,0,0
2024-08-27,LZ_HOUSTON,0.0117,0,0
2024-08-27,LZ_NORTH,0.0122,0,0
2024-08-27,LZ_SOUTH,0.0102,0,0
2024-08-27,LZ_WEST,0.0146,0,0
2024-08-28,LZ_HOUSTON,0.0104,0,0
2024-08-28,LZ_NORTH,0.0104,0,0
2024-08-28,LZ_SOUTH,0.0107,0,0
2024-08-28,LZ_WEST,0.0164,0,0
2024-08-29,LZ_HOUSTON,0.0106,0,0
2024-08-29,LZ_NORTH,0.0104,0,0
2024-08-29,LZ_SOUTH,0.0106,0,0
2024-08-29,LZ_WEST,0.0155,0,0
2024-08-30,LZ_HOUSTON,0.0104,0,0
2024-08-30,LZ_NORTH,0.0103,0,0
2024-08-30,LZ_SOUTH,0.0107,0,0
2024-08-30,LZ_WEST,0.0181,0,0
2024-08-31,LZ_HOUSTON,0.0179,0,0
2024-08-31,LZ_NORTH,0.0176,0,0
2024-08-31,LZ_SOUTH,0.0185,0,0
2024-08-31,LZ_WEST,0.0265,0,0
2024-09-01,LZ_HOUSTON,0.0089,0,0
2024-09-01,LZ_NORTH,0.0087,0,0
2024-09-01,LZ_SOUTH,0.0092,0,0
2024-09-01,LZ_WEST,0.0183,0,0
2024-09-02,LZ_HOUSTON,0.0067,0,0
2024-09-02,LZ_NORTH,0.0066,0,0
2024-09-02,LZ_SOUTH,0.0069,0,0
2024-09-02,LZ_WEST,0.0112,0,0
2024-09-03,LZ_HOUSTON,0.0054,0,0
2024-09-03,LZ_NORTH,0.0054,0,0
2024-09-03,LZ_SOUTH,0.006,0,0
2024-09-03,LZ_WEST,0.0108,0,0
2024-09-04,LZ_HOUSTON,0.0096,0,0
2024-09-04,LZ_NORTH,0.0129,0,0
2024-09-04,LZ_SOUTH,0.0098,0,0
2024-09-04,LZ_WEST,0.0188,0,0
2024-09-05,LZ_HOUSTON,0.0115,0,0
2024-09-05,LZ_NORTH,0.016,0,0
2024-09-05,LZ_SOUTH,0.0112,0,0
2024-09-05,LZ_WEST,0.0196,0,0
2024-09-06,LZ_HOUSTON,0.0082,0,0
2024-09-06,LZ_NORTH,0.0086,0,0
2024-09-06,LZ_SOUTH,0.0072,0,0
2024-09-06,LZ_WEST,0.0108,0,0
2024-09-07,LZ_HOUSTON,0.0059,0,0
2024-09-07,LZ_NORTH,0.0061,0,0
2024-09-07,LZ_SOUTH,0.0054,0,0
2024-09-07,LZ_WEST,0.0075,0,0
2024-09-08,LZ_HOUSTON,0.0067,0,0
2024-09-08,LZ_NORTH,0.0066,0,0
2024-09-08,LZ_SOUTH,0.0069,0,0
2024-09-08,LZ_WEST,0.0091,0,0
2024-09-09,LZ_HOUSTON,0.0118,0,0
2024-09-09,LZ_NORTH,0.0117,0,0
2024-09-09,LZ_SOUTH,0.0114,0,0
2024-09-09,LZ_WEST,0.0165,0,0
2024-09-10,LZ_HOUSTON,0.0175,0,0
2024-09-10,LZ_NORTH,0.0178,0,0
2024-09-10,LZ_SOUTH,0.0154,0,0
2024-09-10,LZ_WEST,0.0218,0,0
2024-09-11,LZ_HOUSTON,0.021,0,0
2024-09-11,LZ_NORTH,0.021,0,0
2024-09-11,LZ_SOUTH,0.0265,0,0
2024-09-11,LZ_WEST,0.0331,0,0
2024-09-12,LZ_HOUSTON,0.0208,0,0
2024-09-12,LZ_NORTH,0.0202,0,0
2024-09-12,LZ_SOUTH,0.0214,0,0
2024-09-12,LZ_WEST,0.0261,0,0
2024-09-13,LZ_HOUSTON,0.0136,0,0
2024-09-13,LZ_NORTH,0.0138,0,0
2024-09-13,LZ_SOUTH,0.0134,0,0
2024-09-13,LZ_WEST,0.015,0,0
2024-09-14,LZ_HOUSTON,0.02,0,0
2024-09-14,LZ_NORTH,0.0205,0,0
2024-09-14,LZ_SOUTH,0.0178,0,0
2024-09-14,LZ_WEST,0.0227,0,0
2024-09-15,LZ_HOUSTON,0.0162,0,0
2024-09-15,LZ_NORTH,0.016,0,0
2024-09-15,LZ_SOUTH,0.0165,0,0
2024-09-15,LZ_WEST,0.0186,0,0
2024-09-16,LZ_HOUSTON,0.0185,0,0
2024-09-16,LZ_NORTH,0.018,0,0
2024-09-16,LZ_SOUTH,0.0199,0,0
2024-09-16,LZ_WEST,0.0244,0,0
2024-09-17,LZ_HOUSTON,0.0128,0,0
2024-09-17,LZ_NORTH,0.0122,0,0
2024-09-17,LZ_SOUTH,0.0141,0,0
2024-09-17,LZ_WEST,0.0209,0,0
2024-09-18,LZ_HOUSTON,0.0142,0,0
2024-09-18,LZ_NORTH,0.0138,0,0
2024-09-18,LZ_SOUTH,0.0152,0,0
2024-09-18,LZ_WEST,0.0184,0,0
2024-09-19,LZ_HOUSTON,0.0373,0,0
2024-09-19,LZ_NORTH,0.0384,0,0
2024-09-19,LZ_SOUTH,0.0379,0,0
2024-09-19,LZ_WEST,0.0419,0,0
2024-09-20,LZ_HOUSTON,0.0149,0,0
2024-09-20,LZ_NORTH,0.0152,0,0
2024-09-20,LZ_SOUTH,0.0149,0,0
2024-09-20,LZ_WEST,0.0205,0,0
2024-09-21,LZ_HOUSTON,0.006,0,0
2024-09-21,LZ_NORTH,0.0067,0,0
2024-09-21,LZ_SOUTH,0.0053,0,0
2024-09-21,LZ_WEST,0.0067,0,0
2024-09-22,LZ_HOUSTON,0.0055,0,0
2024-09-22,LZ_NORTH,0.0055,0,0
2024-09-22,LZ_SOUTH,0.0059,0,0
2024-09-22,LZ_WEST,0.0077,0,0
2024-09-23,LZ_HOUSTON,0.0164,0,0
2024-09-23,LZ_NORTH,0.0199,0,0
2024-09-23,LZ_SOUTH,0.0212,0,0
2024-09-23,LZ_WEST,0.0285,0,0
2024-09-24,LZ_HOUSTON,0.0224,0,0
2024-09-24,LZ_NORTH,0.0261,0,0
2024-09-24,LZ_SOUTH,0.0244,0,0
2024-09-24,LZ_WEST,0.0402,0,0
2024-09-25,LZ_HOUSTON,0.0223,0,0
2024-09-25,LZ_NORTH,0.0274,0,0
2024-09-25,LZ_SOUTH,0.0274,0,0
2024-09-25,LZ_WEST,0.034,0,0
2024-09-26,LZ_HOUSTON,0.019,0,0
2024-09-26,LZ_NORTH,0.0246,0,0
2024-09-26,LZ_SOUTH,0.0275,0,0
2024-09-26,LZ_WEST,0.0382,0,0
2024-09-27,LZ_HOUSTON,0.0132,0,0
2024-09-27,LZ_NORTH,0.0173,0,0
2024-09-27,LZ_SOUTH,0.0202,0,0
2024-09-27,LZ_WEST,0.0301,0,0
2024-09-28,LZ_HOUSTON,0.0113,0,0
2024-09-28,LZ_NORTH,0.0133,0,0
2024-09-28,LZ_SOUTH,0.0151,0,0
2024-09-28,LZ_WEST,0.0235,0,0
2024-09-29,LZ_HOUSTON,0.0153,0,0
2024-09-29,LZ_NORTH,0.0262,0,0
2024-09-29,LZ_SOUTH,0.0245,0,0
2024-09-29,LZ_WEST,0.0413,0,0
2024-09-30,LZ_HOUSTON,0.0284,0,0
2024-09-30,LZ_NORTH,0.0456,0,0
2024-09-30,LZ_SOUTH,0.045,0,0
2024-09-30,LZ_WEST,0.0676,0,0
2024-10-01,LZ_HOUSTON,0.024,0,0
2024-10-01,LZ_NORTH,0.0347,0,0
2024-10-01,LZ_SOUTH,0.0337,0,0
2024-10-01,LZ_WEST,0.0457,0,0
2024-10-02,LZ_HOUSTON,0.0234,0,0
2024-10-02,LZ_NORTH,0.03,0,0
2024-10-02,LZ_SOUTH,0.0281,0,0
2024-10-02,LZ_WEST,0.0466,0,0
2024-10-03,LZ_HOUSTON,0.0241,0,0
2024-10-03,LZ_NORTH,0.0312,0,0
2024-10-03,LZ_SOUTH,0.0253,0,0
2024-10-03,LZ_WEST,0.0385,0,0
2024-10-04,LZ_HOUSTON,0.0307,0,0
2024-10-04,LZ_NORTH,0.0386,0,0
2024-10-04,LZ_SOUTH,0.0281,0,0
2024-10-04,LZ_WEST,0.046,0,0
2024-10-05,LZ_HOUSTON,0.0241,0,0
2024-10-05,LZ_NORTH,0.0339,0,0
2024-10-05,LZ_SOUTH,0.0292,0,0
2024-10-05,LZ_WEST,0.0465,0,0
2024-10-06,LZ_HOUSTON,0.0359,0,0
2024-10-06,LZ_NORTH,0.0418,0,0
2024-10-06,LZ_SOUTH,0.0387,0,0
2024-10-06,LZ_WEST,0.0484,0,0
2024-10-07,LZ_HOUSTON,0.167,0,0
2024-10-07,LZ_NORTH,0.1836,0,0
2024-10-07,LZ_SOUTH,0.1864,0,0
2024-10-07,LZ_WEST,0.2153,0,0
2024-10-08,LZ_HOUSTON,0.0637,0,0
2024-10-08,LZ_NORTH,0.0769,0,0
2024-10-08,LZ_SOUTH,0.0835,0,0
2024-10-08,LZ_WEST,0.0908,0,0
2024-10-09,LZ_HOUSTON,0.0304,0,0
2024-10-09,LZ_NORTH,0.0324,0,0
2024-10-09,LZ_SOUTH,0.0345,0,0
2024-10-09,LZ_WEST,0.0358,0,0
2024-10-10,LZ_HOUSTON,0.0295,0,0
2024-10-10,LZ_NORTH,0.0301,0,0
2024-10-10,LZ_SOUTH,0.0372,0,0
2024-10-10,LZ_WEST,0.0348,0,0
2024-10-11,LZ_HOUSTON,0.0242,0,0
2024-10-11,LZ_NORTH,0.0246,0,0
2024-10-11,LZ_SOUTH,0.0247,0,0
2024-10-11,LZ_WEST,0.0253,0,0
2024-10-12,LZ_HOUSTON,0.0338,0,0
2024-10-12,LZ_NORTH,0.0349,0,0
2024-10-12,LZ_SOUTH,0.0348,0,0
2024-10-12,LZ_WEST,0.0359,0,0
2024-10-13,LZ_HOUSTON,0.0617,0,0
2024-10-13,LZ_NORTH,0.0628,0,0
2024-10-13,LZ_SOUTH,0.0586,0,0
2024-10-13,LZ_WEST,0.0636,0,0
2024-10-14,LZ_HOUSTON,0.0426,0,0
2024-10-14,LZ_NORTH,0.0439,0,0
2024-10-14,LZ_SOUTH,0.0451,0,0
2024-10-14,LZ_WEST,0.0487,0,0
2024-10-15,LZ_HOUSTON,0.0239,0,0
2024-10-15,LZ_NORTH,0.0212,0,0
2024-10-15,LZ_SOUTH,0.0294,0,0
2024-10-15,LZ_WEST,0.0387,0,0
2024-10-16,LZ_HOUSTON,0.0091,0,0
2024-10-16,LZ_NORTH,0.0093,0,0
2024-10-16,LZ_SOUTH,0.0077,0,0
2024-10-16,LZ_WEST,0.0122,0,0
2024-10-17,LZ_HOUSTON,0.0057,0,0
2024-10-17,LZ_NORTH,0.0057,0,0
2024-10-17,LZ_SOUTH,0.0053,0,0
2024-10-17,LZ_WEST,0.0095,0,0
2024-10-18,LZ_HOUSTON,0.0059,0,0
2024-10-18,LZ_NORTH,0.0057,0,0
2024-10-18,LZ_SOUTH,0.0055,0,0
2024-10-18,LZ_WEST,0.0051,0,0
2024-10-19,LZ_HOUSTON,0.006,0,0
2024-10-19,LZ_NORTH,0.006,0,0
2024-10-19,LZ_SOUTH,0.0056,0,0
2024-10-19,LZ_WEST,0.0061,0,0
2024-10-20,LZ_HOUSTON,0.0119,0,0
2024-10-20,LZ_NORTH,0.0127,0,0
2024-10-20,LZ_SOUTH,0.0118,0,0
2024-10-20,LZ_WEST,0.0139,0,0
2024-10-21,LZ_HOUSTON,0.0145,0,0
2024-10-21,LZ_NORTH,0.0152,0,0
2024-10-21,LZ_SOUTH,0.0152,0,0
2024-10-21,LZ_WEST,0.0174,0,0
2024-10-22,LZ_HOUSTON,0.0492,0,0
2024-10-22,LZ_NORTH,0.0706,0,0
2024-10-22,LZ_SOUTH,0.0646,0,0
2024-10-22,LZ_WEST,0.0904,0,0
2024-10-23,LZ_HOUSTON,0.0707,0,0
2024-10-23,LZ_NORTH,0.0993,0,0
2024-10-23,LZ_SOUTH,0.0908,0,0
2024-10-23,LZ_WEST,0.1248,0,0
2024-10-24,LZ_HOUSTON,0.0098,0,0
2024-10-24,LZ_NORTH,0.0099,0,0
2024-10-24,LZ_SOUTH,0.0114,0,0
2024-10-24,LZ_WEST,0.01,0,0
2024-10-25,LZ_HOUSTON,0.1127,0,0
2024-10-25,LZ_NORTH,0.1399,0,0
2024-10-25,LZ_SOUTH,0.1421,0,0
2024-10-25,LZ_WEST,0.1643,0,0
2024-10-26,LZ_HOUSTON,0.0582,0,0
2024-10-26,LZ_NORTH,0.0926,0,0
2024-10-26,LZ_SOUTH,0.0886,0,0
2024-10-26,LZ_WEST,0.1152,0,0
2024-10-27,LZ_HOUSTON,0.0266,0,0
2024-10-27,LZ_NORTH,0.0272,0,0
2024-10-27,LZ_SOUTH,0.0274,0,0
2024-10-27,LZ_WEST,0.0288,0,0
2024-10-28,LZ_HOUSTON,0.0129,0,0
2024-10-28,LZ_NORTH,0.0148,0,0
2024-10-28,LZ_SOUTH,0.0141,0,0
2024-10-28,LZ_WEST,0.0073,0,0
2024-10-29,LZ_HOUSTON,0.0088,0,0
2024-10-29,LZ_NORTH,0.0084,0,0
2024-10-29,LZ_SOUTH,0.0076,0,0
2024-10-29,LZ_WEST,0.003,0,0
2024-10-30,LZ_HOUSTON,0.0213,0,0
2024-10-30,LZ_NORTH,0.0218,0,0
2024-10-30,LZ_SOUTH,0.0207,0,0
2024-10-30,LZ_WEST,0.0339,0,0
2024-10-31,LZ_HOUSTON,0.0708,0,0
2024-10-31,LZ_NORTH,0.0707,0,0
2024-10-31,LZ_SOUTH,0.0772,0,0
2024-10-31,LZ_WEST,0.0751,0,0
2024-11-01,LZ_HOUSTON,0.009,0,0
2024-11-01,LZ_NORTH,0.0088,0,0
2024-11-01,LZ_SOUTH,0.0102,0,0
2024-11-01,LZ_WEST,0.0165,0,0
2024-11-02,LZ_HOUSTON,0.0078,0,0
2024-11-02,LZ_NORTH,0.0082,0,0
2024-11-02,LZ_SOUTH,0.0058,0,0
2024-11-02,LZ_WEST,0.0085,0,0
2024-11-03,LZ_HOUSTON,0.0109,0,0
2024-11-03,LZ_NORTH,0.0117,0,0
2024-11-03,LZ_SOUTH,0.0075,0,0
2024-11-03,LZ_WEST,0.0116,0,0
2024-11-04,LZ_HOUSTON,0.0164,0,0
2024-11-04,LZ_NORTH,0.0159,0,0
2024-11-04,LZ_SOUTH,0.016,0,0
2024-11-04,LZ_WEST,0.015,0,0
2024-11-05,LZ_HOUSTON,0.0321,0,0
2024-11-05,LZ_NORTH,0.0311,0,0
2024-11-05,LZ_SOUTH,0.033,0,0
2024-11-05,LZ_WEST,0.0421,0,0
2024-11-06,LZ_HOUSTON,0.0229,0,0
2024-11-06,LZ_NORTH,0.0228,0,0
2024-11-06,LZ_SOUTH,0.0229,0,0
2024-11-06,LZ_WEST,0.0233,0,0
2024-11-07,LZ_HOUSTON,0.0153,0,0
2024-11-07,LZ_NORTH,0.0152,0,0
2024-11-07,LZ_SOUTH,0.0152,0,0
2024-11-07,LZ_WEST,0.0163,0,0
2024-11-08,LZ_HOUSTON,0.0213,0,0
2024-11-08,LZ_NORTH,0.0207,0,0
2024-11-08,LZ_SOUTH,0.0228,0,0
2024-11-08,LZ_WEST,0.0238,0,0
2024-11-09,LZ_HOUSTON,0.0201,0,0
2024-11-09,LZ_NORTH,0.0197,0,0
2024-11-09,LZ_SOUTH,0.0206,0,0
2024-11-09,LZ_WEST,0.0236,0,0
2024-11-10,LZ_HOUSTON,0.0698,0,1
2024-11-10,LZ_NORTH,0.0695,0,1
2024-11-10,LZ_SOUTH,0.0705,0,1
2024-11-10,LZ_WEST,0.0756,0,1
2024-11-11,LZ_HOUSTON,0.0799,0,0
2024-11-11,LZ_NORTH,0.0829,0,0
2024-11-11,LZ_SOUTH,0.0826,0,0
2024-11-11,LZ_WEST,0.0848,0,0
2024-11-12,LZ_HOUSTON,0.0103,0,0
2024-11-12,LZ_NORTH,0.0114,0,0
2024-11-12,LZ_SOUTH,0.0107,0,0
2024-11-12,LZ_WEST,0.0105,0,0
2024-11-13,LZ_HOUSTON,0.0431,0,0
2024-11-13,LZ_NORTH,0.0463,0,0
2024-11-13,LZ_SOUTH,0.0473,0,0
2024-11-13,LZ_WEST,0.0507,0,0
2024-11-14,LZ_HOUSTON,0.0146,0,0
2024-11-14,LZ_NORTH,0.0151,0,0
2024-11-14,LZ_SOUTH,0.0159,0,0
2024-11-14,LZ_WEST,0.0194,0,0
2024-11-15,LZ_HOUSTON,0.0045,0,0
2024-11-15,LZ_NORTH,0.0047,0,0
2024-11-15,LZ_SOUTH,0.0045,0,0
2024-11-15,LZ_WEST,0.0053,0,0
2024-11-16,LZ_HOUSTON,0.0123,0,0
2024-11-16,LZ_NORTH,0.0126,0,0
2024-11-16,LZ_SOUTH,0.0114,0,0
2024-11-16,LZ_WEST,0.0141,0,0
2024-11-17,LZ_HOUSTON,0.0237,0,1
2024-11-17,LZ_NORTH,0.0274,0,1
2024-11-17,LZ_SOUTH,0.0172,0,1
2024-11-17,LZ_WEST,0.03,0,1
2024-11-18,LZ_HOUSTON,0.0155,0,0
2024-11-18,LZ_NORTH,0.0139,0,0
2024-11-18,LZ_SOUTH,0.0193,0,0
2024-11-18,LZ_WEST,0.0146,0,0
2024-11-19,LZ_HOUSTON,0.0331,0,0
2024-11-19,LZ_NORTH,0.0342,0,0
2024-11-19,LZ_SOUTH,0.0478,0,0
2024-11-19,LZ_WEST,0.0501,0,0
2024-11-20,LZ_HOUSTON,0.0215,0,0
2024-11-20,LZ_NORTH,0.0323,0,0
2024-11-20,LZ_SOUTH,0.0242,0,0
2024-11-20,LZ_WEST,0.0474,0,0
2024-11-21,LZ_HOUSTON,0.0269,0,0
2024-11-21,LZ_NORTH,0.0388,0,0
2024-11-21,LZ_SOUTH,0.0375,0,0
2024-11-21,LZ_WEST,0.0631,0,0
2024-11-22,LZ_HOUSTON,0.021,0,0
2024-11-22,LZ_NORTH,0.0339,0,0
2024-11-22,LZ_SOUTH,0.0311,0,0
2024-11-22,LZ_WEST,0.0443,0,0
2024-11-23,LZ_HOUSTON,0.0051,0,0
2024-11-23,LZ_NORTH,0.0053,0,0
2024-11-23,LZ_SOUTH,0.0052,0,0
2024-11-23,LZ_WEST,0.0063,0,0
2024-11-24,LZ_HOUSTON,0.0098,0,0
2024-11-24,LZ_NORTH,0.0102,0,0
2024-11-24,LZ_SOUTH,0.0082,0,0
2024-11-24,LZ_WEST,0.0128,0,0
2024-11-25,LZ_HOUSTON,0.019,0,0
2024-11-25,LZ_NORTH,0.0202,0,0
2024-11-25,LZ_SOUTH,0.02,0,0
2024-11-25,LZ_WEST,0.0213,0,0
2024-11-26,LZ_HOUSTON,0.0109,0,0
2024-11-26,LZ_NORTH,0.018,0,0
2024-11-26,LZ_SOUTH,0.0097,0,0
2024-11-26,LZ_WEST,0.0226,0,0
2024-11-27,LZ_HOUSTON,0.0069,0,0
2024-11-27,LZ_NORTH,0.0065,0,0
2024-11-27,LZ_SOUTH,0.0073,0,0
2024-11-27,LZ_WEST,0.0122,0,0
2024-11-28,LZ_HOUSTON,0.0109,0,0
2024-11-28,LZ_NORTH,0.0127,0,0
2024-11-28,LZ_SOUTH,0.0087,0,0
2024-11-28,LZ_WEST,0.018,0,0
2024-11-29,LZ_HOUSTON,0.014,0,0
2024-11-29,LZ_NORTH,0.0206,0,0
2024-11-29,LZ_SOUTH,0.0113,0,0
2024-11-29,LZ_WEST,0.0247,0,0
2024-11-30,LZ_HOUSTON,0.0126,0,0
2024-11-30,LZ_NORTH,0.0149,0,0
2024-11-30,LZ_SOUTH,0.0125,0,0
2024-11-30,LZ_WEST,0.0177,0,0
2024-12-01,LZ_HOUSTON,0.0115,0,0
2024-12-01,LZ_NORTH,0.0124,0,0
2024-12-01,LZ_SOUTH,0.0118,0,0
2024-12-01,LZ_WEST,0.0149,0,0
2024-12-02,LZ_HOUSTON,0.0235,0,0
2024-12-02,LZ_NORTH,0.0276,0,0
2024-12-02,LZ_SOUTH,0.0173,0,0
2024-12-02,LZ_WEST,0.0308,0,0
2024-12-03,LZ_HOUSTON,0.0155,0,0
2024-12-03,LZ_NORTH,0.0179,0,0
2024-12-03,LZ_SOUTH,0.0101,0,0
2024-12-03,LZ_WEST,0.0188,0,0
2024-12-04,LZ_HOUSTON,0.021,0,0
2024-12-04,LZ_NORTH,0.0213,0,0
2024-12-04,LZ_SOUTH,0.019,0,0
2024-12-04,LZ_WEST,0.03,0,0
2024-12-05,LZ_HOUSTON,0.0091,0,0
2024-12-05,LZ_NORTH,0.0096,0,0
2024-12-05,LZ_SOUTH,0.0058,0,0
2024-12-05,LZ_WEST,0.0117,0,0
2024-12-06,LZ_HOUSTON,0.0253,0,0
2024-12-06,LZ_NORTH,0.0307,0,0
2024-12-06,LZ_SOUTH,0.0116,0,0
2024-12-06,LZ_WEST,0.0311,0,0
2024-12-07,LZ_HOUSTON,0.0138,0,0
2024-12-07,LZ_NORTH,0.0144,0,0
2024-12-07,LZ_SOUTH,0.0125,0,0
2024-12-07,LZ_WEST,0.0171,0,0
2024-12-08,LZ_HOUSTON,0.0043,0,0
2024-12-08,LZ_NORTH,0.004,0,0
2024-12-08,LZ_SOUTH,0.0047,0,0
2024-12-08,LZ_WEST,0.009,0,0
2024-12-09,LZ_HOUSTON,0.0158,0,0
2024-12-09,LZ_NORTH,0.0157,0,0
2024-12-09,LZ_SOUTH,0.0158,0,0
2024-12-09,LZ_WEST,0.0182,0,0
2024-12-10,LZ_HOUSTON,0.0141,0,0
2024-12-10,LZ_NORTH,0.0151,0,0
2024-12-10,LZ_SOUTH,0.0083,0,0
2024-12-10,LZ_WEST,0.0174,0,0
2024-12-11,LZ_HOUSTON,0.0185,0,0
2024-12-11,LZ_NORTH,0.018,0,0
2024-12-11,LZ_SOUTH,0.0158,0,0
2024-12-11,LZ_WEST,0.0249,0,0
2024-12-12,LZ_HOUSTON,0.0049,0,0
2024-12-12,LZ_NORTH,0.0043,0,0
2024-12-12,LZ_SOUTH,0.0056,0,0
2024-12-12,LZ_WEST,0.0063,0,0
2024-12-13,LZ_HOUSTON,0.0045,0,0
2024-12-13,LZ_NORTH,0.004,0,0
2024-12-13,LZ_SOUTH,0.0041,0,0
2024-12-13,LZ_WEST,0.0054,0,0
2024-12-14,LZ_HOUSTON,0.0148,0,1
2024-12-14,LZ_NORTH,0.0166,0,1
2024-12-14,LZ_SOUTH,0.012,0,1
2024-12-14,LZ_WEST,0.0182,0,1
2024-12-15,LZ_HOUSTON,0.0077,0,0
2024-12-15,LZ_NORTH,0.0083,0,0
2024-12-15,LZ_SOUTH,0.007,0,0
2024-12-15,LZ_WEST,0.0087,0,0
2024-12-16,LZ_HOUSTON,0.012,0,0
2024-12-16,LZ_NORTH,0.0128,0,0
2024-12-16,LZ_SOUTH,0.0103,0,0
2024-12-16,LZ_WEST,0.0154,0,0
2024-12-17,LZ_HOUSTON,0.0094,0,0
2024-12-17,LZ_NORTH,0.0091,0,0
2024-12-17,LZ_SOUTH,0.0098,0,0
2024-12-17,LZ_WEST,0.0206,0,0
2024-12-18,LZ_HOUSTON,0.0098,0,0
2024-12-18,LZ_NORTH,0.0111,0,0
2024-12-18,LZ_SOUTH,0.0076,0,0
2024-12-18,LZ_WEST,0.0253,0,0
2024-12-19,LZ_HOUSTON,0.0088,0,0
2024-12-19,LZ_NORTH,0.0088,0,0
2024-12-19,LZ_SOUTH,0.009,0,0
2024-12-19,LZ_WEST,0.0221,0,0
2024-12-20,LZ_HOUSTON,0.0075,0,0
2024-12-20,LZ_NORTH,0.0072,0,0
2024-12-20,LZ_SOUTH,0.0075,0,0
2024-12-20,LZ_WEST,0.0138,0,0
2024-12-21,LZ_HOUSTON,0.0084,0,0
2024-12-21,LZ_NORTH,0.0087,0,0
2024-12-21,LZ_SOUTH,0.0085,0,0
2024-12-21,LZ_WEST,0.0145,0,0
2024-12-22,LZ_HOUSTON,0.0052,0,0
2024-12-22,LZ_NORTH,0.0052,0,0
2024-12-22,LZ_SOUTH,0.0052,0,0
2024-12-22,LZ_WEST,0.0079,0,0
2024-12-23,LZ_HOUSTON,0.0068,0,0
2024-12-23,LZ_NORTH,0.007,0,0
2024-12-23,LZ_SOUTH,0.0062,0,0
2024-12-23,LZ_WEST,0.0144,0,0
2024-12-24,LZ_HOUSTON,0.0064,0,0
2024-12-24,LZ_NORTH,0.0065,0,0
2024-12-24,LZ_SOUTH,0.0067,0,0
2024-12-24,LZ_WEST,0.0127,0,0
2024-12-25,LZ_HOUSTON,0.0055,0,0
2024-12-25,LZ_NORTH,0.0056,0,0
2024-12-25,LZ_SOUTH,0.006,0,0
2024-12-25,LZ_WEST,0.0161,0,0
2024-12-26,LZ_HOUSTON,0.011,0,0
2024-12-26,LZ_NORTH,0.0114,0,0
2024-12-26,LZ_SOUTH,0.011,0,0
2024-12-26,LZ_WEST,0.0218,0,0
2024-12-27,LZ_HOUSTON,0.012,0,0
2024-12-27,LZ_NORTH,0.0127,0,0
2024-12-27,LZ_SOUTH,0.0118,0,0
2024-12-27,LZ_WEST,0.0196,0,0
2024-12-28,LZ_HOUSTON,0.0093,0,0
2024-12-28,LZ_NORTH,0.0093,0,0
2024-12-28,LZ_SOUTH,0.0093,0,0
2024-12-28,LZ_WEST,0.016,0,0
2024-12-29,LZ_HOUSTON,0.0148,0,0
2024-12-29,LZ_NORTH,0.0152,0,0
2024-12-29,LZ_SOUTH,0.0153,0,0
2024-12-29,LZ_WEST,0.0168,0,0
2024-12-30,LZ_HOUSTON,0.0096,0,0
2024-12-30,LZ_NORTH,0.0096,0,0
2024-12-30,LZ_SOUTH,0.0108,0,0
2024-12-30,LZ_WEST,0.013,0,0
2024-12-31,LZ_HOUSTON,0.0087,0,0
2024-12-31,LZ_NORTH,0.0101,0,0
2024-12-31,LZ_SOUTH,0.0069,0,0
2024-12-31,LZ_WEST,0.0127,0,0
2025-01-01,LZ_HOUSTON,0.0067,0,0
2025-01-01,LZ_NORTH,0.0073,0,0
2025-01-01,LZ_SOUTH,0.0064,0,0
2025-01-01,LZ_WEST,0.0087,0,0
2025-01-02,LZ_HOUSTON,0.0074,0,0
2025-01-02,LZ_NORTH,0.0079,0,0
2025-01-02,LZ_SOUTH,0.0073,0,0
2025-01-02,LZ_WEST,0.0106,0,0
2025-01-03,LZ_HOUSTON,0.007,0,0
2025-01-03,LZ_NORTH,0.008,0,0
2025-01-03,LZ_SOUTH,0.0068,0,0
2025-01-03,LZ_WEST,0.0144,0,0
2025-01-04,LZ_HOUSTON,0.002,0,0
2025-01-04,LZ_NORTH,0.002,0,0
2025-01-04,LZ_SOUTH,0.002,0,0
2025-01-04,LZ_WEST,0.0032,0,0
2025-01-05,LZ_HOUSTON,0.0037,0,0
2025-01-05,LZ_NORTH,0.0043,0,0
2025-01-05,LZ_SOUTH,0.0039,0,0
2025-01-05,LZ_WEST,0.0067,0,0
2025-01-06,LZ_HOUSTON,0.0264,0,0
2025-01-06,LZ_NORTH,0.0345,0,0
2025-01-06,LZ_SOUTH,0.0181,0,0
2025-01-06,LZ_WEST,0.04,0,0
2025-01-07,LZ_HOUSTON,0.0265,0,0
2025-01-07,LZ_NORTH,0.0345,0,0
2025-01-07,LZ_SOUTH,0.0207,0,0
2025-01-07,LZ_WEST,0.0381,0,0
2025-01-08,LZ_HOUSTON,0.0143,0,0
2025-01-08,LZ_NORTH,0.0178,0,0
2025-01-08,LZ_SOUTH,0.0152,0,0
2025-01-08,LZ_WEST,0.023,0,0
2025-01-09,LZ_HOUSTON,0.0179,0,0
2025-01-09,LZ_NORTH,0.021,0,0
2025-01-09,LZ_SOUTH,0.0177,0,0
2025-01-09,LZ_WEST,0.0284,0,0
2025-01-10,LZ_HOUSTON,0.0134,0,0
2025-01-10,LZ_NORTH,0.0149,0,0
2025-01-10,LZ_SOUTH,0.0116,0,0
2025-01-10,LZ_WEST,0.0191,0,0
2025-01-11,LZ_HOUSTON,0.0057,0,0
2025-01-11,LZ_NORTH,0.0065,0,0
2025-01-11,LZ_SOUTH,0.0083,0,0
2025-01-11,LZ_WEST,0.0081,0,0
2025-01-12,LZ_HOUSTON,0.0066,0,0
2025-01-12,LZ_NORTH,0.0067,0,0
2025-01-12,LZ_SOUTH,0.0078,0,0
2025-01-12,LZ_WEST,0.0096,0,0
2025-01-13,LZ_HOUSTON,0.013,0,0
2025-01-13,LZ_NORTH,0.0157,0,0
2025-01-13,LZ_SOUTH,0.0111,0,0
2025-01-13,LZ_WEST,0.0219,0,0
2025-01-14,LZ_HOUSTON,0.0113,0,0
2025-01-14,LZ_NORTH,0.0148,0,0
2025-01-14,LZ_SOUTH,0.0117,0,0
2025-01-14,LZ_WEST,0.0221,0,0
2025-01-15,LZ_HOUSTON,0.0087,0,0
2025-01-15,LZ_NORTH,0.0122,0,1
2025-01-15,LZ_SOUTH,0.0076,0,0
2025-01-15,LZ_WEST,0.0231,0,1
2025-01-16,LZ_HOUSTON,0.0117,0,0
2025-01-16,LZ_NORTH,0.0224,0,0
2025-01-16,LZ_SOUTH,0.0135,0,0
2025-01-16,LZ_WEST,0.0353,0,0
2025-01-17,LZ_HOUSTON,0.0061,0,0
2025-01-17,LZ_NORTH,0.0056,0,0
2025-01-17,LZ_SOUTH,0.0061,0,0
2025-01-17,LZ_WEST,0.0059,0,0
2025-01-18,LZ_HOUSTON,0.0053,0,0
2025-01-18,LZ_NORTH,0.0054,0,0
2025-01-18,LZ_SOUTH,0.0054,0,0
2025-01-18,LZ_WEST,0.0088,0,0
2025-01-19,LZ_HOUSTON,0.0288,0,0
2025-01-19,LZ_NORTH,0.0313,0,0
2025-01-19,LZ_SOUTH,0.0237,0,0
2025-01-19,LZ_WEST,0.0363,0,0
2025-01-20,LZ_HOUSTON,0.0202,0,0
2025-01-20,LZ_NORTH,0.0253,0,0
2025-01-20,LZ_SOUTH,0.0167,0,0
2025-01-20,LZ_WEST,0.027,0,0
2025-01-21,LZ_HOUSTON,0.0545,0,0
2025-01-21,LZ_NORTH,0.061,0,0
2025-01-21,LZ_SOUTH,0.0453,0,0
2025-01-21,LZ_WEST,0.0672,0,0
2025-01-22,LZ_HOUSTON,0.0367,0,0
2025-01-22,LZ_NORTH,0.0382,0,0
2025-01-22,LZ_SOUTH,0.0771,0,0
2025-01-22,LZ_WEST,0.0325,0,0
2025-01-23,LZ_HOUSTON,0.0143,0,0
2025-01-23,LZ_NORTH,0.0147,0,0
2025-01-23,LZ_SOUTH,0.017,0,0
2025-01-23,LZ_WEST,0.0288,0,0
2025-01-24,LZ_HOUSTON,0.0089,0,0
2025-01-24,LZ_NORTH,0.0101,0,0
2025-01-24,LZ_SOUTH,0.0123,0,0
2025-01-24,LZ_WEST,0.0215,0,0
2025-01-25,LZ_HOUSTON,0.0075,0,0
2025-01-25,LZ_NORTH,0.0078,0,0
2025-01-25,LZ_SOUTH,0.0064,0,0
2025-01-25,LZ_WEST,0.0116,0,0
2025-01-26,LZ_HOUSTON,0.0086,0,0
2025-01-26,LZ_NORTH,0.0114,0,0
2025-01-26,LZ_SOUTH,0.0078,0,0
2025-01-26,LZ_WEST,0.0152,0,0
2025-01-27,LZ_HOUSTON,0.0129,0,0
2025-01-27,LZ_NORTH,0.0186,0,0
2025-01-27,LZ_SOUTH,0.0114,0,0
2025-01-27,LZ_WEST,0.0226,0,0
2025-01-28,LZ_HOUSTON,0.0116,0,0
2025-01-28,LZ_NORTH,0.0155,0,0
2025-01-28,LZ_SOUTH,0.011,0,0
2025-01-28,LZ_WEST,0.0233,0,0
2025-01-29,LZ_HOUSTON,0.0096,0,0
2025-01-29,LZ_NORTH,0.0118,0,0
2025-01-29,LZ_SOUTH,0.0088,0,0
2025-01-29,LZ_WEST,0.0185,0,0
2025-01-30,LZ_HOUSTON,0.0051,0,0
2025-01-30,LZ_NORTH,0.0056,0,0
2025-01-30,LZ_SOUTH,0.0056,0,0
2025-01-30,LZ_WEST,0.0122,0,0
2025-01-31,LZ_HOUSTON,0.0128,0,0
2025-01-31,LZ_NORTH,0.0147,0,0
2025-01-31,LZ_SOUTH,0.0115,0,0
2025-01-31,LZ_WEST,0.0249,0,0
2025-02-01,LZ_HOUSTON,0.0068,0,0
2025-02-01,LZ_NORTH,0.0068,0,0
2025-02-01,LZ_SOUTH,0.0072,0,0
2025-02-01,LZ_WEST,0.0172,0,0
2025-02-02,LZ_HOUSTON,0.0085,0,0
2025-02-02,LZ_NORTH,0.0084,0,0
2025-02-02,LZ_SOUTH,0.0085,0,0
2025-02-02,LZ_WEST,0.0148,0,0
2025-02-03,LZ_HOUSTON,0.0155,0,0
2025-02-03,LZ_NORTH,0.0157,0,0
2025-02-03,LZ_SOUTH,0.0116,0,0
2025-02-03,LZ_WEST,0.0216,0,0
2025-02-04,LZ_HOUSTON,0.0075,0,0
2025-02-04,LZ_NORTH,0.007,0,0
2025-02-04,LZ_SOUTH,0.0059,0,0
2025-02-04,LZ_WEST,0.0099,0,0
2025-02-05,LZ_HOUSTON,0.0073,0,0
2025-02-05,LZ_NORTH,0.0059,0,0
2025-02-05,LZ_SOUTH,0.0056,0,0
2025-02-05,LZ_WEST,0.0122,0,0
2025-02-06,LZ_HOUSTON,0.0115,0,0
2025-02-06,LZ_NORTH,0.0118,0,0
2025-02-06,LZ_SOUTH,0.011,0,0
2025-02-06,LZ_WEST,0.0218,0,0
2025-02-07,LZ_HOUSTON,0.0082,0,0
2025-02-07,LZ_NORTH,0.0079,0,0
2025-02-07,LZ_SOUTH,0.0086,0,0
2025-02-07,LZ_WEST,0.0167,0,0
2025-02-08,LZ_HOUSTON,0.0074,0,0
2025-02-08,LZ_NORTH,0.0064,0,0
2025-02-08,LZ_SOUTH,0.0076,0,0
2025-02-08,LZ_WEST,0.019,0,0
2025-02-09,LZ_HOUSTON,0.0089,0,0
2025-02-09,LZ_NORTH,0.0092,0,0
2025-02-09,LZ_SOUTH,0.0078,0,0
2025-02-09,LZ_WEST,0.013,0,0
2025-02-10,LZ_HOUSTON,0.0087,0,0
2025-02-10,LZ_NORTH,0.0104,0,0
2025-02-10,LZ_SOUTH,0.0074,0,0
2025-02-10,LZ_WEST,0.0217,0,0
2025-02-11,LZ_HOUSTON,0.0064,0,0
2025-02-11,LZ_NORTH,0.0069,0,0
2025-02-11,LZ_SOUTH,0.0055,0,0
2025-02-11,LZ_WEST,0.012,0,0
2025-02-12,LZ_HOUSTON,0.0085,0,0
2025-02-12,LZ_NORTH,0.0101,0,0
2025-02-12,LZ_SOUTH,0.008,0,0
2025-02-12,LZ_WEST,0.0167,0,0
2025-02-13,LZ_HOUSTON,0.0121,0,0
2025-02-13,LZ_NORTH,0.0279,0,0
2025-02-13,LZ_SOUTH,0.0104,0,0
2025-02-13,LZ_WEST,0.0324,0,0
2025-02-14,LZ_HOUSTON,0.0086,0,0
2025-02-14,LZ_NORTH,0.0085,0,0
2025-02-14,LZ_SOUTH,0.0096,0,0
2025-02-14,LZ_WEST,0.0133,0,0
2025-02-15,LZ_HOUSTON,0.006,0,0
2025-02-15,LZ_NORTH,0.0059,0,0
2025-02-15,LZ_SOUTH,0.0062,0,0
2025-02-15,LZ_WEST,0.011,0,0
2025-02-16,LZ_HOUSTON,0.0095,0,0
2025-02-16,LZ_NORTH,0.0112,0,0
2025-02-16,LZ_SOUTH,0.0086,0,0
2025-02-16,LZ_WEST,0.0139,0,0
2025-02-17,LZ_HOUSTON,0.0091,0,0
2025-02-17,LZ_NORTH,0.0102,0,0
2025-02-17,LZ_SOUTH,0.0087,0,0
2025-02-17,LZ_WEST,0.0094,0,0
2025-02-18,LZ_HOUSTON,0.0071,0,0
2025-02-18,LZ_NORTH,0.0073,0,0
2025-02-18,LZ_SOUTH,0.0071,0,0
2025-02-18,LZ_WEST,0.0091,0,0
2025-02-19,LZ_HOUSTON,0.028,0,0
2025-02-19,LZ_NORTH,0.034,0,0
2025-02-19,LZ_SOUTH,0.023,0,1
2025-02-19,LZ_WEST,0.0387,0,0
2025-02-20,LZ_HOUSTON,0.3305,0,0
2025-02-20,LZ_NORTH,0.3795,0,0
2025-02-20,LZ_SOUTH,0.3155,0,0
2025-02-20,LZ_WEST,0.399,0,0
2025-02-21,LZ_HOUSTON,0.0869,0,0
2025-02-21,LZ_NORTH,0.1011,0,0
2025-02-21,LZ_SOUTH,0.0778,0,0
2025-02-21,LZ_WEST,0.1024,0,0
2025-02-22,LZ_HOUSTON,0.026,0,0
2025-02-22,LZ_NORTH,0.0315,0,0
2025-02-22,LZ_SOUTH,0.0238,0,0
2025-02-22,LZ_WEST,0.039,0,0
2025-02-23,LZ_HOUSTON,0.0124,0,0
2025-02-23,LZ_NORTH,0.0134,0,0
2025-02-23,LZ_SOUTH,0.0116,0,0
2025-02-23,LZ_WEST,0.0185,0,0
2025-02-24,LZ_HOUSTON,0.012,0,0
2025-02-24,LZ_NORTH,0.0122,0,0
2025-02-24,LZ_SOUTH,0.0121,0,0
2025-02-24,LZ_WEST,0.0191,0,0
2025-02-25,LZ_HOUSTON,0.0118,0,0
2025-02-25,LZ_NORTH,0.0128,0,0
2025-02-25,LZ_SOUTH,0.0126,0,0
2025-02-25,LZ_WEST,0.0197,0,0
2025-02-26,LZ_HOUSTON,0.0073,0,0
2025-02-26,LZ_NORTH,0.007,0,0
2025-02-26,LZ_SOUTH,0.007,0,0
2025-02-26,LZ_WEST,0.0117,0,0
2025-02-27,LZ_HOUSTON,0.0132,0,0
2025-02-27,LZ_NORTH,0.015,0,0
2025-02-27,LZ_SOUTH,0.012,0,0
2025-02-27,LZ_WEST,0.0252,0,0
2025-02-28,LZ_HOUSTON,0.0158,0,0
2025-02-28,LZ_NORTH,0.0164,0,0
2025-02-28,LZ_SOUTH,0.0152,0,0
2025-02-28,LZ_WEST,0.0233,0,0
2025-03-01,LZ_HOUSTON,0.0188,0,0
2025-03-01,LZ_NORTH,0.0184,0,0
2025-03-01,LZ_SOUTH,0.0192,0,0
2025-03-01,LZ_WEST,0.0258,0,0
2025-03-02,LZ_HOUSTON,0.0093,0,0
2025-03-02,LZ_NORTH,0.0094,0,0
2025-03-02,LZ_SOUTH,0.0081,0,0
2025-03-02,LZ_WEST,0.0152,0,0
2025-03-03,LZ_HOUSTON,0.0088,0,0
2025-03-03,LZ_NORTH,0.0087,0,0
2025-03-03,LZ_SOUTH,0.009,0,0
2025-03-03,LZ_WEST,0.0136,0,0
2025-03-04,LZ_HOUSTON,0.0106,0,0
2025-03-04,LZ_NORTH,0.0113,0,0
2025-03-04,LZ_SOUTH,0.01,0,0
2025-03-04,LZ_WEST,0.0122,0,0
2025-03-05,LZ_HOUSTON,0.0241,0,0
2025-03-05,LZ_NORTH,0.0256,0,0
2025-03-05,LZ_SOUTH,0.0231,0,0
2025-03-05,LZ_WEST,0.0331,0,0
2025-03-06,LZ_HOUSTON,0.0101,0,0
2025-03-06,LZ_NORTH,0.0127,0,0
2025-03-06,LZ_SOUTH,0.0092,0,0
2025-03-06,LZ_WEST,0.0059,0,0
2025-03-07,LZ_HOUSTON,0.0451,0,0
2025-03-07,LZ_NORTH,0.045,0,0
2025-03-07,LZ_SOUTH,0.0454,0,0
2025-03-07,LZ_WEST,0.0513,0,0
2025-03-08,LZ_HOUSTON,0.0106,0,0
2025-03-08,LZ_NORTH,0.0098,0,0
2025-03-08,LZ_SOUTH,0.0093,0,0
2025-03-08,LZ_WEST,0.0143,0,0
2025-03-09,LZ_HOUSTON,0.0306,0,0
2025-03-09,LZ_NORTH,0.0316,0,0
2025-03-09,LZ_SOUTH,0.0296,0,0
2025-03-09,LZ_WEST,0.0507,0,0
2025-03-10,LZ_HOUSTON,0.0279,0,0
2025-03-10,LZ_NORTH,0.026,0,0
2025-03-10,LZ_SOUTH,0.0315,0,0
2025-03-10,LZ_WEST,0.0406,0,0
2025-03-11,LZ_HOUSTON,0.0187,0,0
2025-03-11,LZ_NORTH,0.0185,0,0
2025-03-11,LZ_SOUTH,0.0166,0,0
2025-03-11,LZ_WEST,0.0217,0,0
2025-03-12,LZ_HOUSTON,0.0171,0,0
2025-03-12,LZ_NORTH,0.0172,0,0
2025-03-12,LZ_SOUTH,0.0189,0,0
2025-03-12,LZ_WEST,0.0146,0,0
2025-03-13,LZ_HOUSTON,0.0262,0,0
2025-03-13,LZ_NORTH,0.0223,0,0
2025-03-13,LZ_SOUTH,0.0254,0,0
2025-03-13,LZ_WEST,0.0305,0,0
2025-03-14,LZ_HOUSTON,0.0223,0,0
2025-03-14,LZ_NORTH,0.0156,0,0
2025-03-14,LZ_SOUTH,0.0252,0,0
2025-03-14,LZ_WEST,0.0118,0,0
2025-03-15,LZ_HOUSTON,0.0297,0,0
2025-03-15,LZ_NORTH,0.0299,0,0
2025-03-15,LZ_SOUTH,0.0296,0,0
2025-03-15,LZ_WEST,0.0316,0,0
2025-03-16,LZ_HOUSTON,0.0578,0,0
2025-03-16,LZ_NORTH,0.0583,0,0
2025-03-16,LZ_SOUTH,0.0571,0,0
2025-03-16,LZ_WEST,0.065,0,0
2025-03-17,LZ_HOUSTON,0.0099,0,0
2025-03-17,LZ_NORTH,0.0092,0,0
2025-03-17,LZ_SOUTH,0.0083,0,0
2025-03-17,LZ_WEST,0.0112,0,0
2025-03-18,LZ_HOUSTON,0.0141,0,0
2025-03-18,LZ_NORTH,0.0124,0,0
2025-03-18,LZ_SOUTH,0.0127,0,0
2025-03-18,LZ_WEST,0.0102,0,0
2025-03-19,LZ_HOUSTON,0.0114,0,0
2025-03-19,LZ_NORTH,0.0112,0,0
2025-03-19,LZ_SOUTH,0.0118,0,0
2025-03-19,LZ_WEST,0.016,0,0
2025-03-20,LZ_HOUSTON,0.0304,0,0
2025-03-20,LZ_NORTH,0.0385,0,0
2025-03-20,LZ_SOUTH,0.0276,0,0
2025-03-20,LZ_WEST,0.0527,0,0
2025-03-21,LZ_HOUSTON,0.0219,0,0
2025-03-21,LZ_NORTH,0.0243,0,0
2025-03-21,LZ_SOUTH,0.0179,0,0
2025-03-21,LZ_WEST,0.0338,0,0
2025-03-22,LZ_HOUSTON,0.0096,0,0
2025-03-22,LZ_NORTH,0.0085,0,0
2025-03-22,LZ_SOUTH,0.0085,0,0
2025-03-22,LZ_WEST,0.0128,0,0
2025-03-23,LZ_HOUSTON,0.0105,0,0
2025-03-23,LZ_NORTH,0.0104,0,0
2025-03-23,LZ_SOUTH,0.0113,0,0
2025-03-23,LZ_WEST,0.0134,0,0
2025-03-24,LZ_HOUSTON,0.0861,0,0
2025-03-24,LZ_NORTH,0.0862,0,0
2025-03-24,LZ_SOUTH,0.0847,0,0
2025-03-24,LZ_WEST,0.0915,0,0
2025-03-25,LZ_HOUSTON,0.0559,0,0
2025-03-25,LZ_NORTH,0.0553,0,0
2025-03-25,LZ_SOUTH,0.0565,0,0
2025-03-25,LZ_WEST,0.0623,0,0
2025-03-26,LZ_HOUSTON,0.0114,0,0
2025-03-26,LZ_NORTH,0.0115,0,0
2025-03-26,LZ_SOUTH,0.0102,0,0
2025-03-26,LZ_WEST,0.0141,0,0
2025-03-27,LZ_HOUSTON,0.0114,0,0
2025-03-27,LZ_NORTH,0.0103,0,0
2025-03-27,LZ_SOUTH,0.0116,0,0
2025-03-27,LZ_WEST,0.0205,0,0
2025-03-28,LZ_HOUSTON,0.0128,0,0
2025-03-28,LZ_NORTH,0.0126,0,0
2025-03-28,LZ_SOUTH,0.0124,0,0
2025-03-28,LZ_WEST,0.0239,0,0
2025-03-29,LZ_HOUSTON,0.0098,0,0
2025-03-29,LZ_NORTH,0.0092,0,0
2025-03-29,LZ_SOUTH,0.0093,0,0
2025-03-29,LZ_WEST,0.024,0,0
2025-03-30,LZ_HOUSTON,0.0384,0,0
2025-03-30,LZ_NORTH,0.0378,0,0
2025-03-30,LZ_SOUTH,0.0382,0,0
2025-03-30,LZ_WEST,0.0418,0,0
2025-03-31,LZ_HOUSTON,0.0347,0,0
2025-03-31,LZ_NORTH,0.0346,0,0
2025-03-31,LZ_SOUTH,0.0374,0,0
2025-03-31,LZ_WEST,0.0426,0,0
2025-04-01,LZ_HOUSTON,0.0117,0,0
2025-04-01,LZ_NORTH,0.0112,0,0
2025-04-01,LZ_SOUTH,0.0097,0,0
2025-04-01,LZ_WEST,0.0102,0,0
2025-04-02,LZ_HOUSTON,0.0686,0,0
2025-04-02,LZ_NORTH,0.0726,0,0
2025-04-02,LZ_SOUTH,0.0637,0,0
2025-04-02,LZ_WEST,0.0821,0,0
2025-04-03,LZ_HOUSTON,0.0311,0,0
2025-04-03,LZ_NORTH,0.0304,0,0
2025-04-03,LZ_SOUTH,0.0289,0,0
2025-04-03,LZ_WEST,0.0413,0,0
2025-04-04,LZ_HOUSTON,0.013,0,0
2025-04-04,LZ_NORTH,0.0115,0,0
2025-04-04,LZ_SOUTH,0.0136,0,0
2025-04-04,LZ_WEST,0.0247,0,0
2025-04-05,LZ_HOUSTON,0.008,0,0
2025-04-05,LZ_NORTH,0.0062,0,0
2025-04-05,LZ_SOUTH,0.0066,0,0
2025-04-05,LZ_WEST,0.012,0,0
2025-04-06,LZ_HOUSTON,0.0238,0,0
2025-04-06,LZ_NORTH,0.0256,0,0
2025-04-06,LZ_SOUTH,0.0194,0,0
2025-04-06,LZ_WEST,0.0354,0,0
2025-04-07,LZ_HOUSTON,0.0312,0,1
2025-04-07,LZ_NORTH,0.0336,0,1
2025-04-07,LZ_SOUTH,0.0299,0,1
2025-04-07,LZ_WEST,0.0441,0,1
2025-04-08,LZ_HOUSTON,0.0163,0,0
2025-04-08,LZ_NORTH,0.0157,0,0
2025-04-08,LZ_SOUTH,0.0166,0,0
2025-04-08,LZ_WEST,0.019,0,0
2025-04-09,LZ_HOUSTON,0.0289,0,0
2025-04-09,LZ_NORTH,0.0288,0,0
2025-04-09,LZ_SOUTH,0.0251,0,0
2025-04-09,LZ_WEST,0.0331,0,0
2025-04-10,LZ_HOUSTON,0.0331,0,0
2025-04-10,LZ_NORTH,0.0325,0,0
2025-04-10,LZ_SOUTH,0.0337,0,0
2025-04-10,LZ_WEST,0.034,0,0
2025-04-11,LZ_HOUSTON,0.0273,0,0
2025-04-11,LZ_NORTH,0.0268,0,0
2025-04-11,LZ_SOUTH,0.0264,0,0
2025-04-11,LZ_WEST,0.0309,0,0
2025-04-12,LZ_HOUSTON,0.0115,0,0
2025-04-12,LZ_NORTH,0.0124,0,0
2025-04-12,LZ_SOUTH,0.0094,0,0
2025-04-12,LZ_WEST,0.0077,0,0
2025-04-13,LZ_HOUSTON,0.0175,0,0
2025-04-13,LZ_NORTH,0.0197,0,0
2025-04-13,LZ_SOUTH,0.0128,0,0
2025-04-13,LZ_WEST,0.0204,0,0
2025-04-14,LZ_HOUSTON,0.034,0,0
2025-04-14,LZ_NORTH,0.0388,0,0
2025-04-14,LZ_SOUTH,0.0339,0,0
2025-04-14,LZ_WEST,0.0402,0,0
2025-04-15,LZ_HOUSTON,0.0275,0,0
2025-04-15,LZ_NORTH,0.0275,0,0
2025-04-15,LZ_SOUTH,0.0272,0,0
2025-04-15,LZ_WEST,0.0307,0,0
2025-04-16,LZ_HOUSTON,0.011,0,0
2025-04-16,LZ_NORTH,0.0115,0,0
2025-04-16,LZ_SOUTH,0.0082,0,0
2025-04-16,LZ_WEST,0.0121,0,0
2025-04-17,LZ_HOUSTON,0.0115,0,0
2025-04-17,LZ_NORTH,0.0118,0,0
2025-04-17,LZ_SOUTH,0.0085,0,0
2025-04-17,LZ_WEST,0.0142,0,0
2025-04-18,LZ_HOUSTON,0.0128,0,0
2025-04-18,LZ_NORTH,0.0123,0,0
2025-04-18,LZ_SOUTH,0.0112,0,0
2025-04-18,LZ_WEST,0.0163,0,0
2025-04-19,LZ_HOUSTON,0.0105,0,0
2025-04-19,LZ_NORTH,0.0103,0,0
2025-04-19,LZ_SOUTH,0.0083,0,0
2025-04-19,LZ_WEST,0.0151,0,0
2025-04-20,LZ_HOUSTON,0.0825,0,0
2025-04-20,LZ_NORTH,0.0854,0,0
2025-04-20,LZ_SOUTH,0.0887,0,0
2025-04-20,LZ_WEST,0.0988,0,0
2025-04-21,LZ_HOUSTON,0.0301,0,0
2025-04-21,LZ_NORTH,0.029,0,0
2025-04-21,LZ_SOUTH,0.0316,0,0
2025-04-21,LZ_WEST,0.0333,0,0
2025-04-22,LZ_HOUSTON,0.0273,0,0
2025-04-22,LZ_NORTH,0.0268,0,0
2025-04-22,LZ_SOUTH,0.0216,0,0
2025-04-22,LZ_WEST,0.0316,0,0
2025-04-23,LZ_HOUSTON,0.0183,0,0
2025-04-23,LZ_NORTH,0.0174,0,0
2025-04-23,LZ_SOUTH,0.016,0,0
2025-04-23,LZ_WEST,0.0277,0,0
2025-04-24,LZ_HOUSTON,0.0248,0,0
2025-04-24,LZ_NORTH,0.0248,0,0
2025-04-24,LZ_SOUTH,0.0278,0,0
2025-04-24,LZ_WEST,0.0325,0,0
2025-04-25,LZ_HOUSTON,0.0247,0,0
2025-04-25,LZ_NORTH,0.0286,0,0
2025-04-25,LZ_SOUTH,0.0321,0,0
2025-04-25,LZ_WEST,0.0288,0,0
2025-04-26,LZ_HOUSTON,0.0203,0,0
2025-04-26,LZ_NORTH,0.0202,0,0
2025-04-26,LZ_SOUTH,0.0179,0,0
2025-04-26,LZ_WEST,0.0241,0,0
2025-04-27,LZ_HOUSTON,0.0099,0,0
2025-04-27,LZ_NORTH,0.0089,0,0
2025-04-27,LZ_SOUTH,0.014,0,0
2025-04-27,LZ_WEST,0.0071,0,0
2025-04-28,LZ_HOUSTON,0.0203,0,0
2025-04-28,LZ_NORTH,0.0199,0,0
2025-04-28,LZ_SOUTH,0.0148,0,0
2025-04-28,LZ_WEST,0.0208,0,0
2025-04-29,LZ_HOUSTON,0.0249,0,0
2025-04-29,LZ_NORTH,0.0256,0,0
2025-04-29,LZ_SOUTH,0.0172,0,0
2025-04-29,LZ_WEST,0.0274,0,0
2025-04-30,LZ_HOUSTON,0.035,0,0
2025-04-30,LZ_NORTH,0.0363,0,0
2025-04-30,LZ_SOUTH,0.0219,0,0
2025-04-30,LZ_WEST,0.0438,0,0
2025-05-01,LZ_HOUSTON,0.0716,0,0
2025-05-01,LZ_NORTH,0.0735,0,0
2025-05-01,LZ_SOUTH,0.0582,0,0
2025-05-01,LZ_WEST,0.0745,0,0
2025-05-02,LZ_HOUSTON,0.0175,0,0
2025-05-02,LZ_NORTH,0.0142,0,0
2025-05-02,LZ_SOUTH,0.0112,0,0
2025-05-02,LZ_WEST,0.0156,0,0
2025-05-03,LZ_HOUSTON,0.0197,0,0
2025-05-03,LZ_NORTH,0.0202,0,0
2025-05-03,LZ_SOUTH,0.0194,0,0
2025-05-03,LZ_WEST,0.0211,0,0
2025-05-04,LZ_HOUSTON,0.0108,0,0
2025-05-04,LZ_NORTH,0.0096,0,0
2025-05-04,LZ_SOUTH,0.0089,0,0
2025-05-04,LZ_WEST,0.0106,0,0
2025-05-05,LZ_HOUSTON,0.0125,0,0
2025-05-05,LZ_NORTH,0.0095,0,0
2025-05-05,LZ_SOUTH,0.0074,0,0
2025-05-05,LZ_WEST,0.0102,0,0
2025-05-06,LZ_HOUSTON,0.0333,0,0
2025-05-06,LZ_NORTH,0.035,0,0
2025-05-06,LZ_SOUTH,0.0308,0,0
2025-05-06,LZ_WEST,0.0434,0,0
2025-05-07,LZ_HOUSTON,0.0316,0,0
2025-05-07,LZ_NORTH,0.0329,0,0
2025-05-07,LZ_SOUTH,0.0306,0,0
2025-05-07,LZ_WEST,0.0374,0,0
2025-05-08,LZ_HOUSTON,0.0317,0,1
2025-05-08,LZ_NORTH,0.0324,0,1
2025-05-08,LZ_SOUTH,0.0246,0,0
2025-05-08,LZ_WEST,0.0356,0,1
2025-05-09,LZ_HOUSTON,0.0167,0,0
2025-05-09,LZ_NORTH,0.0167,0,0
2025-05-09,LZ_SOUTH,0.0173,0,0
2025-05-09,LZ_WEST,0.0186,0,0
2025-05-10,LZ_HOUSTON,0.0129,0,0
2025-05-10,LZ_NORTH,0.013,0,0
2025-05-10,LZ_SOUTH,0.0126,0,0
2025-05-10,LZ_WEST,0.0165,0,0
2025-05-11,LZ_HOUSTON,0.0223,0,0
2025-05-11,LZ_NORTH,0.0234,0,0
2025-05-11,LZ_SOUTH,0.0247,0,0
2025-05-11,LZ_WEST,0.0264,0,0
2025-05-12,LZ_HOUSTON,0.0266,0,0
2025-05-12,LZ_NORTH,0.0275,0,0
2025-05-12,LZ_SOUTH,0.0253,0,0
2025-05-12,LZ_WEST,0.0282,0,0
2025-05-13,LZ_HOUSTON,0.0452,0,0
2025-05-13,LZ_NORTH,0.0515,0,0
2025-05-13,LZ_SOUTH,0.039,0,0
2025-05-13,LZ_WEST,0.0485,0,0
2025-05-14,LZ_HOUSTON,0.0606,0,0
2025-05-14,LZ_NORTH,0.0755,0,0
2025-05-14,LZ_SOUTH,0.0507,0,0
2025-05-14,LZ_WEST,0.0727,0,0
2025-05-15,LZ_HOUSTON,0.085,0,0
2025-05-15,LZ_NORTH,0.0929,0,0
2025-05-15,LZ_SOUTH,0.0619,0,0
2025-05-15,LZ_WEST,0.0986,0,0
2025-05-16,LZ_HOUSTON,0.0725,0,1
2025-05-16,LZ_NORTH,0.0788,0,1
2025-05-16,LZ_SOUTH,0.051,0,1
2025-05-16,LZ_WEST,0.0869,0,1
2025-05-17,LZ_HOUSTON,0.0134,0,0
2025-05-17,LZ_NORTH,0.0107,0,0
2025-05-17,LZ_SOUTH,0.0108,0,0
2025-05-17,LZ_WEST,0.0179,0,0
2025-05-18,LZ_HOUSTON,0.0145,0,0
2025-05-18,LZ_NORTH,0.0088,0,0
2025-05-18,LZ_SOUTH,0.0092,0,0
2025-05-18,LZ_WEST,0.0162,0,0
2025-05-19,LZ_HOUSTON,0.0155,0,0
2025-05-19,LZ_NORTH,0.0117,0,0
2025-05-19,LZ_SOUTH,0.0148,0,0
2025-05-19,LZ_WEST,0.0192,0,0
2025-05-20,LZ_HOUSTON,0.2666,0,0
2025-05-20,LZ_NORTH,0.2695,0,0
2025-05-20,LZ_SOUTH,0.2609,0,0
2025-05-20,LZ_WEST,0.2708,0,0
2025-05-21,LZ_HOUSTON,0.0335,0,0
2025-05-21,LZ_NORTH,0.0334,0,0
2025-05-21,LZ_SOUTH,0.0328,0,0
2025-05-21,LZ_WEST,0.0387,0,0
2025-05-22,LZ_HOUSTON,0.0157,0,0
2025-05-22,LZ_NORTH,0.0155,0,0
2025-05-22,LZ_SOUTH,0.0142,0,0
2025-05-22,LZ_WEST,0.021,0,0
2025-05-23,LZ_HOUSTON,0.0147,0,0
2025-05-23,LZ_NORTH,0.0148,0,0
2025-05-23,LZ_SOUTH,0.0129,0,0
2025-05-23,LZ_WEST,0.0176,0,0
2025-05-24,LZ_HOUSTON,0.0182,0,0
2025-05-24,LZ_NORTH,0.0188,0,0
2025-05-24,LZ_SOUTH,0.0157,0,0
2025-05-24,LZ_WEST,0.0209,0,0
2025-05-25,LZ_HOUSTON,0.0198,0,0
2025-05-25,LZ_NORTH,0.0201,0,0
2025-05-25,LZ_SOUTH,0.0185,0,0
2025-05-25,LZ_WEST,0.024,0,0
2025-05-26,LZ_HOUSTON,0.0151,0,0
2025-05-26,LZ_NORTH,0.0155,0,0
2025-05-26,LZ_SOUTH,0.0132,0,0
2025-05-26,LZ_WEST,0.0169,0,0
2025-05-27,LZ_HOUSTON,0.0239,0,0
2025-05-27,LZ_NORTH,0.0244,0,0
2025-05-27,LZ_SOUTH,0.0216,0,0
2025-05-27,LZ_WEST,0.0251,0,0
2025-05-28,LZ_HOUSTON,0.0129,0,0
2025-05-28,LZ_NORTH,0.0125,0,0
2025-05-28,LZ_SOUTH,0.0131,0,0
2025-05-28,LZ_WEST,0.0164,0,0
2025-05-29,LZ_HOUSTON,0.0198,0,0
2025-05-29,LZ_NORTH,0.0199,0,0
2025-05-29,LZ_SOUTH,0.0185,0,0
2025-05-29,LZ_WEST,0.0223,0,0
2025-05-30,LZ_HOUSTON,0.0301,0,0
2025-05-30,LZ_NORTH,0.0304,0,0
2025-05-30,LZ_SOUTH,0.0298,0,0
2025-05-30,LZ_WEST,0.0352,0,0
2025-05-31,LZ_HOUSTON,0.0325,0,0
2025-05-31,LZ_NORTH,0.0324,0,0
2025-05-31,LZ_SOUTH,0.0326,0,0
2025-05-31,LZ_WEST,0.0351,0,0
2025-06-01,LZ_HOUSTON,0.0251,0,0
2025-06-01,LZ_NORTH,0.0261,0,0
2025-06-01,LZ_SOUTH,0.0203,0,0
2025-06-01,LZ_WEST,0.0277,0,0
2025-06-02,LZ_HOUSTON,0.017,0,0
2025-06-02,LZ_NORTH,0.0172,0,0
2025-06-02,LZ_SOUTH,0.0148,0,0
2025-06-02,LZ_WEST,0.0198,0,0
2025-06-03,LZ_HOUSTON,0.0172,0,0
2025-06-03,LZ_NORTH,0.0166,0,0
2025-06-03,LZ_SOUTH,0.0154,0,0
2025-06-03,LZ_WEST,0.0284,0,0
2025-06-04,LZ_HOUSTON,0.0219,0,0
2025-06-04,LZ_NORTH,0.0222,0,0
2025-06-04,LZ_SOUTH,0.0188,0,0
2025-06-04,LZ_WEST,0.0252,0,0
2025-06-05,LZ_HOUSTON,0.0155,0,1
2025-06-05,LZ_NORTH,0.0159,0,0
2025-06-05,LZ_SOUTH,0.0136,0,0
2025-06-05,LZ_WEST,0.019,0,0
2025-06-06,LZ_HOUSTON,0.0225,0,0
2025-06-06,LZ_NORTH,0.0245,0,0
2025-06-06,LZ_SOUTH,0.0165,0,0
2025-06-06,LZ_WEST,0.0268,0,0
2025-06-07,LZ_HOUSTON,0.0634,0,0
2025-06-07,LZ_NORTH,0.0705,0,0
2025-06-07,LZ_SOUTH,0.0423,0,0
2025-06-07,LZ_WEST,0.0743,0,0
2025-06-08,LZ_HOUSTON,0.0258,0,0
2025-06-08,LZ_NORTH,0.0273,0,0
2025-06-08,LZ_SOUTH,0.0202,0,0
2025-06-08,LZ_WEST,0.0287,0,0
2025-06-09,LZ_HOUSTON,0.0323,0,0
2025-06-09,LZ_NORTH,0.0348,0,0
2025-06-09,LZ_SOUTH,0.0254,0,0
2025-06-09,LZ_WEST,0.0359,0,0
2025-06-10,LZ_HOUSTON,0.0201,0,0
2025-06-10,LZ_NORTH,0.0219,0,0
2025-06-10,LZ_SOUTH,0.0157,0,0
2025-06-10,LZ_WEST,0.0244,0,0
2025-06-11,LZ_HOUSTON,0.0153,0,0
2025-06-11,LZ_NORTH,0.0156,0,0
2025-06-11,LZ_SOUTH,0.0139,0,0
2025-06-11,LZ_WEST,0.0189,0,0
2025-06-12,LZ_HOUSTON,0.0175,0,0
2025-06-12,LZ_NORTH,0.0176,0,0
2025-06-12,LZ_SOUTH,0.0181,0,0
2025-06-12,LZ_WEST,0.0218,0,0
2025-06-13,LZ_HOUSTON,0.018,0,0
2025-06-13,LZ_NORTH,0.0182,0,0
2025-06-13,LZ_SOUTH,0.0185,0,0
2025-06-13,LZ_WEST,0.0201,0,0
2025-06-14,LZ_HOUSTON,0.0159,0,0
2025-06-14,LZ_NORTH,0.0157,0,0
2025-06-14,LZ_SOUTH,0.016,0,0
2025-06-14,LZ_WEST,0.019,0,0
2025-06-15,LZ_HOUSTON,0.019,0,0
2025-06-15,LZ_NORTH,0.0188,0,0
2025-06-15,LZ_SOUTH,0.0188,0,0
2025-06-15,LZ_WEST,0.0223,0,0
2025-06-16,LZ_HOUSTON,0.017,0,0
2025-06-16,LZ_NORTH,0.017,0,0
2025-06-16,LZ_SOUTH,0.0162,0,0
2025-06-16,LZ_WEST,0.0203,0,0
2025-06-17,LZ_HOUSTON,0.0097,0,0
2025-06-17,LZ_NORTH,0.0103,0,0
2025-06-17,LZ_SOUTH,0.0087,0,0
2025-06-17,LZ_WEST,0.0094,0,0
2025-06-18,LZ_HOUSTON,0.0408,0,0
2025-06-18,LZ_NORTH,0.0445,0,0
2025-06-18,LZ_SOUTH,0.0304,0,0
2025-06-18,LZ_WEST,0.0456,0,0
2025-06-19,LZ_HOUSTON,0.0252,0,0
2025-06-19,LZ_NORTH,0.0254,0,0
2025-06-19,LZ_SOUTH,0.0233,0,0
2025-06-19,LZ_WEST,0.0289,0,0
2025-06-20,LZ_HOUSTON,0.01,0,0
2025-06-20,LZ_NORTH,0.0094,0,0
2025-06-20,LZ_SOUTH,0.0096,0,0
2025-06-20,LZ_WEST,0.012,0,0
2025-06-21,LZ_HOUSTON,0.0113,0,0
2025-06-21,LZ_NORTH,0.0085,0,0
2025-06-21,LZ_SOUTH,0.0073,0,0
2025-06-21,LZ_WEST,0.0089,0,0
2025-06-22,LZ_HOUSTON,0.0104,0,0
2025-06-22,LZ_NORTH,0.0115,0,0
2025-06-22,LZ_SOUTH,0.0091,0,0
2025-06-22,LZ_WEST,0.0106,0,0
2025-06-23,LZ_HOUSTON,0.0157,0,0
2025-06-23,LZ_NORTH,0.0161,0,0
2025-06-23,LZ_SOUTH,0.0135,0,0
2025-06-23,LZ_WEST,0.016,0,0
2025-06-24,LZ_HOUSTON,0.0191,0,0
2025-06-24,LZ_NORTH,0.0188,0,0
2025-06-24,LZ_SOUTH,0.0174,0,0
2025-06-24,LZ_WEST,0.0208,0,0
2025-06-25,LZ_HOUSTON,0.0168,0,0
2025-06-25,LZ_NORTH,0.0165,0,0
2025-06-25,LZ_SOUTH,0.0131,0,0
2025-06-25,LZ_WEST,0.0182,0,0
2025-06-26,LZ_HOUSTON,0.0158,0,0
2025-06-26,LZ_NORTH,0.0163,0,0
2025-06-26,LZ_SOUTH,0.0135,0,0
2025-06-26,LZ_WEST,0.0173,0,0
2025-06-27,LZ_HOUSTON,0.019,0,0
2025-06-27,LZ_NORTH,0.0196,0,0
2025-06-27,LZ_SOUTH,0.016,0,0
2025-06-27,LZ_WEST,0.0208,0,0
2025-06-28,LZ_HOUSTON,0.0183,0,0
2025-06-28,LZ_NORTH,0.0189,0,0
2025-06-28,LZ_SOUTH,0.0151,0,0
2025-06-28,LZ_WEST,0.0207,0,0
2025-06-29,LZ_HOUSTON,0.0172,0,0
2025-06-29,LZ_NORTH,0.0181,0,0
2025-06-29,LZ_SOUTH,0.0139,0,0
2025-06-29,LZ_WEST,0.0188,0,0
2025-06-30,LZ_HOUSTON,0.0366,0,0
2025-06-30,LZ_NORTH,0.0399,0,0
2025-06-30,LZ_SOUTH,0.0267,0,0
2025-06-30,LZ_WEST,0.0408,0,0
2025-07-01,LZ_HOUSTON,0.0339,0,0
2025-07-01,LZ_NORTH,0.0368,0,0
2025-07-01,LZ_SOUTH,0.0277,0,0
2025-07-01,LZ_WEST,0.0378,0,0
2025-07-02,LZ_HOUSTON,0.0168,0,0
2025-07-02,LZ_NORTH,0.0174,0,0
2025-07-02,LZ_SOUTH,0.0139,0,0
2025-07-02,LZ_WEST,0.0193,0,0
2025-07-03,LZ_HOUSTON,0.0105,0,0
2025-07-03,LZ_NORTH,0.0106,0,0
2025-07-03,LZ_SOUTH,0.0092,0,0
2025-07-03,LZ_WEST,0.0127,0,0
2025-07-04,LZ_HOUSTON,0.0065,0,0
2025-07-04,LZ_NORTH,0.0065,0,0
2025-07-04,LZ_SOUTH,0.0063,0,0
2025-07-04,LZ_WEST,0.0082,0,0
2025-07-05,LZ_HOUSTON,0.0118,0,0
2025-07-05,LZ_NORTH,0.0124,0,0
2025-07-05,LZ_SOUTH,0.0096,0,0
2025-07-05,LZ_WEST,0.0141,0,0
2025-07-06,LZ_HOUSTON,0.015,0,0
2025-07-06,LZ_NORTH,0.0159,0,0
2025-07-06,LZ_SOUTH,0.0119,0,0
2025-07-06,LZ_WEST,0.0175,0,0
2025-07-07,LZ_HOUSTON,0.0177,0,0
2025-07-07,LZ_NORTH,0.0187,0,0
2025-07-07,LZ_SOUTH,0.014,0,0
2025-07-07,LZ_WEST,0.0203,0,0
2025-07-08,LZ_HOUSTON,0.0184,0,0
2025-07-08,LZ_NORTH,0.0191,0,0
2025-07-08,LZ_SOUTH,0.0157,0,0
2025-07-08,LZ_WEST,0.0209,0,0
2025-07-09,LZ_HOUSTON,0.0118,0,0
2025-07-09,LZ_NORTH,0.0123,0,0
2025-07-09,LZ_SOUTH,0.0095,0,0
2025-07-09,LZ_WEST,0.0147,0,0
2025-07-10,LZ_HOUSTON,0.0116,0,0
2025-07-10,LZ_NORTH,0.012,0,0
2025-07-10,LZ_SOUTH,0.0102,0,0
2025-07-10,LZ_WEST,0.0145,0,0
2025-07-11,LZ_HOUSTON,0.0098,0,1
2025-07-11,LZ_NORTH,0.0107,0,1
2025-07-11,LZ_SOUTH,0.008,0,1
2025-07-11,LZ_WEST,0.0113,0,1
2025-07-12,LZ_HOUSTON,0.0158,0,0
2025-07-12,LZ_NORTH,0.0169,0,0
2025-07-12,LZ_SOUTH,0.0117,0,0
2025-07-12,LZ_WEST,0.0186,0,0
2025-07-13,LZ_HOUSTON,0.0201,0,0
2025-07-13,LZ_NORTH,0.0221,0,0
2025-07-13,LZ_SOUTH,0.0149,0,0
2025-07-13,LZ_WEST,0.0245,0,0
2025-07-14,LZ_HOUSTON,0.0205,0,0
2025-07-14,LZ_NORTH,0.0223,0,0
2025-07-14,LZ_SOUTH,0.014,0,0
2025-07-14,LZ_WEST,0.0236,0,0
2025-07-15,LZ_HOUSTON,0.0153,0,0
2025-07-15,LZ_NORTH,0.0155,0,0
2025-07-15,LZ_SOUTH,0.0138,0,0
2025-07-15,LZ_WEST,0.0175,0,0
2025-07-16,LZ_HOUSTON,0.0204,0,0
2025-07-16,LZ_NORTH,0.0215,0,0
2025-07-16,LZ_SOUTH,0.0179,0,0
2025-07-16,LZ_WEST,0.0217,0,0
2025-07-17,LZ_HOUSTON,0.0252,0,0
2025-07-17,LZ_NORTH,0.0265,0,0
2025-07-17,LZ_SOUTH,0.0215,0,0
2025-07-17,LZ_WEST,0.0261,0,0
2025-07-18,LZ_HOUSTON,0.0145,0,0
2025-07-18,LZ_NORTH,0.0156,0,0
2025-07-18,LZ_SOUTH,0.0126,0,0
2025-07-18,LZ_WEST,0.0157,0,0
2025-07-19,LZ_HOUSTON,0.0135,0,0
2025-07-19,LZ_NORTH,0.0143,0,0
2025-07-19,LZ_SOUTH,0.0121,0,0
2025-07-19,LZ_WEST,0.014,0,0
2025-07-20,LZ_HOUSTON,0.0114,0,0
2025-07-20,LZ_NORTH,0.014,0,0
2025-07-20,LZ_SOUTH,0.01,0,0
2025-07-20,LZ_WEST,0.0124,0,0
2025-07-21,LZ_HOUSTON,0.0173,0,0
2025-07-21,LZ_NORTH,0.0189,0,0
2025-07-21,LZ_SOUTH,0.0133,0,0
2025-07-21,LZ_WEST,0.0194,0,0
2025-07-22,LZ_HOUSTON,0.0138,0,0
2025-07-22,LZ_NORTH,0.0156,0,0
2025-07-22,LZ_SOUTH,0.012,0,0
2025-07-22,LZ_WEST,0.0154,0,0
2025-07-23,LZ_HOUSTON,0.0184,0,0
2025-07-23,LZ_NORTH,0.0205,0,0
2025-07-23,LZ_SOUTH,0.0156,0,0
2025-07-23,LZ_WEST,0.0201,0,0
2025-07-24,LZ_HOUSTON,0.0399,0,0
2025-07-24,LZ_NORTH,0.0424,0,0
2025-07-24,LZ_SOUTH,0.0334,0,0
2025-07-24,LZ_WEST,0.0416,0,0
2025-07-25,LZ_HOUSTON,0.0362,0,0
2025-07-25,LZ_NORTH,0.0411,0,0
2025-07-25,LZ_SOUTH,0.0252,0,0
2025-07-25,LZ_WEST,0.042,0,0
2025-07-26,LZ_HOUSTON,0.0098,0,0
2025-07-26,LZ_NORTH,0.0107,0,0
2025-07-26,LZ_SOUTH,0.0076,0,0
2025-07-26,LZ_WEST,0.0108,0,0
2025-07-27,LZ_HOUSTON,0.011,0,0
2025-07-27,LZ_NORTH,0.0117,0,0
2025-07-27,LZ_SOUTH,0.0113,0,0
2025-07-27,LZ_WEST,0.0128,0,0
2025-07-28,LZ_HOUSTON,0.0248,0,0
2025-07-28,LZ_NORTH,0.0261,0,0
2025-07-28,LZ_SOUTH,0.0202,0,0
2025-07-28,LZ_WEST,0.027,0,0
2025-07-29,LZ_HOUSTON,0.0438,0,0
2025-07-29,LZ_NORTH,0.0463,0,0
2025-07-29,LZ_SOUTH,0.0363,0,0
2025-07-29,LZ_WEST,0.0467,0,0
2025-07-30,LZ_HOUSTON,0.1985,0,0
2025-07-30,LZ_NORTH,0.2167,0,0
2025-07-30,LZ_SOUTH,0.143,0,0
2025-07-30,LZ_WEST,0.2184,0,0
2025-07-31,LZ_HOUSTON,0.0663,0,0
2025-07-31,LZ_NORTH,0.0761,0,0
2025-07-31,LZ_SOUTH,0.0392,0,0
2025-07-31,LZ_WEST,0.0777,0,0
2025-08-01,LZ_HOUSTON,0.0321,0,0
2025-08-01,LZ_NORTH,0.0358,0,0
2025-08-01,LZ_SOUTH,0.022,0,0
2025-08-01,LZ_WEST,0.0374,0,0
2025-08-02,LZ_HOUSTON,0.0215,0,0
2025-08-02,LZ_NORTH,0.0224,0,0
2025-08-02,LZ_SOUTH,0.0184,0,0
2025-08-02,LZ_WEST,0.0237,0,0
2025-08-03,LZ_HOUSTON,0.0245,0,0
2025-08-03,LZ_NORTH,0.0263,0,0
2025-08-03,LZ_SOUTH,0.0193,0,0
2025-08-03,LZ_WEST,0.029,0,0
2025-08-04,LZ_HOUSTON,0.0148,0,0
2025-08-04,LZ_NORTH,0.0156,0,0
2025-08-04,LZ_SOUTH,0.0126,0,0
2025-08-04,LZ_WEST,0.0161,0,0
2025-08-05,LZ_HOUSTON,0.0138,0,0
2025-08-05,LZ_NORTH,0.0137,0,0
2025-08-05,LZ_SOUTH,0.0134,0,0
2025-08-05,LZ_WEST,0.0155,0,0
2025-08-06,LZ_HOUSTON,0.0126,0,0
2025-08-06,LZ_NORTH,0.0129,0,0
2025-08-06,LZ_SOUTH,0.0114,0,0
2025-08-06,LZ_WEST,0.0151,0,0
2025-08-07,LZ_HOUSTON,0.0225,0,0
2025-08-07,LZ_NORTH,0.023,0,0
2025-08-07,LZ_SOUTH,0.0196,0,0
2025-08-07,LZ_WEST,0.0268,0,0
2025-08-08,LZ_HOUSTON,0.0178,0,0
2025-08-08,LZ_NORTH,0.0186,0,0
2025-08-08,LZ_SOUTH,0.0147,0,0
2025-08-08,LZ_WEST,0.0211,0,0
2025-08-09,LZ_HOUSTON,0.0104,0,0
2025-08-09,LZ_NORTH,0.0108,0,0
2025-08-09,LZ_SOUTH,0.0093,0,0
2025-08-09,LZ_WEST,0.0121,0,0
2025-08-10,LZ_HOUSTON,0.0157,0,0
2025-08-10,LZ_NORTH,0.0166,0,0
2025-08-10,LZ_SOUTH,0.0131,0,0
2025-08-10,LZ_WEST,0.0182,0,0
2025-08-11,LZ_HOUSTON,0.0453,0,0
2025-08-11,LZ_NORTH,0.05,0,0
2025-08-11,LZ_SOUTH,0.027,0,0
2025-08-11,LZ_WEST,0.0519,0,0
2025-08-12,LZ_HOUSTON,0.0926,0,0
2025-08-12,LZ_NORTH,0.1033,0,0
2025-08-12,LZ_SOUTH,0.0568,0,0
2025-08-12,LZ_WEST,0.1111,0,0
2025-08-13,LZ_HOUSTON,0.0421,0,0
2025-08-13,LZ_NORTH,0.0474,0,0
2025-08-13,LZ_SOUTH,0.024,0,0
2025-08-13,LZ_WEST,0.052,0,0
2025-08-14,LZ_HOUSTON,0.021,0,0
2025-08-14,LZ_NORTH,0.023,0,0
2025-08-14,LZ_SOUTH,0.0134,0,0
2025-08-14,LZ_WEST,0.0259,0,0
2025-08-15,LZ_HOUSTON,0.011,0,0
2025-08-15,LZ_NORTH,0.0117,0,0
2025-08-15,LZ_SOUTH,0.0102,0,0
2025-08-15,LZ_WEST,0.014,0,0
2025-08-16,LZ_HOUSTON,0.0157,0,0
2025-08-16,LZ_NORTH,0.0169,0,0
2025-08-16,LZ_SOUTH,0.0113,0,0
2025-08-16,LZ_WEST,0.0188,0,0
2025-08-17,LZ_HOUSTON,0.023,0,0
2025-08-17,LZ_NORTH,0.0239,0,0
2025-08-17,LZ_SOUTH,0.0187,0,0
2025-08-17,LZ_WEST,0.0261,0,0
2025-08-18,LZ_HOUSTON,0.0832,0,0
2025-08-18,LZ_NORTH,0.0883,0,0
2025-08-18,LZ_SOUTH,0.0697,0,0
2025-08-18,LZ_WEST,0.0904,0,0
2025-08-19,LZ_HOUSTON,0.1253,0,0
2025-08-19,LZ_NORTH,0.128,0,0
2025-08-19,LZ_SOUTH,0.1195,0,0
2025-08-19,LZ_WEST,0.1305,0,0
2025-08-20,LZ_HOUSTON,0.0341,0,0
2025-08-20,LZ_NORTH,0.0346,0,0
2025-08-20,LZ_SOUTH,0.0327,0,0
2025-08-20,LZ_WEST,0.0365,0,0
2025-08-21,LZ_HOUSTON,0.0204,0,0
2025-08-21,LZ_NORTH,0.0213,0,0
2025-08-21,LZ_SOUTH,0.0203,0,0
2025-08-21,LZ_WEST,0.0222,0,0
2025-08-22,LZ_HOUSTON,0.0158,0,0
2025-08-22,LZ_NORTH,0.0161,0,0
2025-08-22,LZ_SOUTH,0.0155,0,0
2025-08-22,LZ_WEST,0.0193,0,0
2025-08-23,LZ_HOUSTON,0.0148,0,0
2025-08-23,LZ_NORTH,0.0151,0,0
2025-08-23,LZ_SOUTH,0.0141,0,0
2025-08-23,LZ_WEST,0.0166,0,0
2025-08-24,LZ_HOUSTON,0.0254,0,0
2025-08-24,LZ_NORTH,0.0261,0,0
2025-08-24,LZ_SOUTH,0.0236,0,0
2025-08-24,LZ_WEST,0.0262,0,0
2025-08-25,LZ_HOUSTON,0.0222,0,0
2025-08-25,LZ_NORTH,0.0229,0,0
2025-08-25,LZ_SOUTH,0.0188,0,0
2025-08-25,LZ_WEST,0.0248,0,0
2025-08-26,LZ_HOUSTON,0.0106,0,0
2025-08-26,LZ_NORTH,0.0109,0,0
2025-08-26,LZ_SOUTH,0.0094,0,0
2025-08-26,LZ_WEST,0.0115,0,0
2025-08-27,LZ_HOUSTON,0.0127,0,0
2025-08-27,LZ_NORTH,0.0128,0,0
2025-08-27,LZ_SOUTH,0.0112,0,0
2025-08-27,LZ_WEST,0.0144,0,0
2025-08-28,LZ_HOUSTON,0.0424,0,0
2025-08-28,LZ_NORTH,0.0469,0,0
2025-08-28,LZ_SOUTH,0.0263,0,0
2025-08-28,LZ_WEST,0.0492,0,0
2025-08-29,LZ_HOUSTON,0.033,0,0
2025-08-29,LZ_NORTH,0.036,0,0
2025-08-29,LZ_SOUTH,0.0216,0,0
2025-08-29,LZ_WEST,0.0379,0,0
2025-08-30,LZ_HOUSTON,0.0113,0,0
2025-08-30,LZ_NORTH,0.012,0,0
2025-08-30,LZ_SOUTH,0.0083,0,0
2025-08-30,LZ_WEST,0.0143,0,0
2025-08-31,LZ_HOUSTON,0.0112,0,0
2025-08-31,LZ_NORTH,0.0117,0,0
2025-08-31,LZ_SOUTH,0.0097,0,0
2025-08-31,LZ_WEST,0.0162,0,0
2025-09-01,LZ_HOUSTON,0.0199,0,0
2025-09-01,LZ_NORTH,0.0199,0,0
2025-09-01,LZ_SOUTH,0.0196,0,0
2025-09-01,LZ_WEST,0.023,0,0
2025-09-02,LZ_HOUSTON,0.0205,0,0
2025-09-02,LZ_NORTH,0.0204,0,0
2025-09-02,LZ_SOUTH,0.0202,0,0
2025-09-02,LZ_WEST,0.0221,0,0
2025-09-03,LZ_HOUSTON,0.0301,0,0
2025-09-03,LZ_NORTH,0.0307,0,0
2025-09-03,LZ_SOUTH,0.0279,0,0
2025-09-03,LZ_WEST,0.0322,0,0
2025-09-04,LZ_HOUSTON,0.0253,0,0
2025-09-04,LZ_NORTH,0.0272,0,0
2025-09-04,LZ_SOUTH,0.0276,0,0
2025-09-04,LZ_WEST,0.0306,0,0
2025-09-05,LZ_HOUSTON,0.0155,0,0
2025-09-05,LZ_NORTH,0.0165,0,0
2025-09-05,LZ_SOUTH,0.0123,0,0
2025-09-05,LZ_WEST,0.022,0,0
2025-09-06,LZ_HOUSTON,0.0125,0,0
2025-09-06,LZ_NORTH,0.0128,0,0
2025-09-06,LZ_SOUTH,0.0108,0,0
2025-09-06,LZ_WEST,0.015,0,0
2025-09-07,LZ_HOUSTON,0.0105,0,0
2025-09-07,LZ_NORTH,0.0102,0,0
2025-09-07,LZ_SOUTH,0.0107,0,0
2025-09-07,LZ_WEST,0.0142,0,0
2025-09-08,LZ_HOUSTON,0.0094,0,0
2025-09-08,LZ_NORTH,0.0092,0,0
2025-09-08,LZ_SOUTH,0.0094,0,0
2025-09-08,LZ_WEST,0.0122,0,0
2025-09-09,LZ_HOUSTON,0.008,0,0
2025-09-09,LZ_NORTH,0.0078,0,0
2025-09-09,LZ_SOUTH,0.0081,0,0
2025-09-09,LZ_WEST,0.0099,0,0
2025-09-10,LZ_HOUSTON,0.0108,0,0
2025-09-10,LZ_NORTH,0.0105,0,0
2025-09-10,LZ_SOUTH,0.0107,0,0
2025-09-10,LZ_WEST,0.0135,0,0
2025-09-11,LZ_HOUSTON,0.0132,0,0
2025-09-11,LZ_NORTH,0.0131,0,0
2025-09-11,LZ_SOUTH,0.013,0,0
2025-09-11,LZ_WEST,0.0156,0,0
2025-09-12,LZ_HOUSTON,0.012,0,0
2025-09-12,LZ_NORTH,0.0122,0,0
2025-09-12,LZ_SOUTH,0.0112,0,0
2025-09-12,LZ_WEST,0.0137,0,0
2025-09-13,LZ_HOUSTON,0.011,0,0
2025-09-13,LZ_NORTH,0.011,0,0
2025-09-13,LZ_SOUTH,0.0102,0,0
2025-09-13,LZ_WEST,0.0122,0,0
2025-09-14,LZ_HOUSTON,0.0212,0,0
2025-09-14,LZ_NORTH,0.0221,0,0
2025-09-14,LZ_SOUTH,0.017,0,0
2025-09-14,LZ_WEST,0.0224,0,0
2025-09-15,LZ_HOUSTON,0.0196,0,0
2025-09-15,LZ_NORTH,0.0209,0,0
2025-09-15,LZ_SOUTH,0.0157,0,0
2025-09-15,LZ_WEST,0.0212,0,0
2025-09-16,LZ_HOUSTON,0.0198,0,0
2025-09-16,LZ_NORTH,0.0238,0,0
2025-09-16,LZ_SOUTH,0.0174,0,0
2025-09-16,LZ_WEST,0.0275,0,0
2025-09-17,LZ_HOUSTON,0.0152,0,0
2025-09-17,LZ_NORTH,0.0184,0,0
2025-09-17,LZ_SOUTH,0.0128,0,0
2025-09-17,LZ_WEST,0.018,0,0
2025-09-18,LZ_HOUSTON,0.0169,0,0
2025-09-18,LZ_NORTH,0.0197,0,0
2025-09-18,LZ_SOUTH,0.0138,0,0
2025-09-18,LZ_WEST,0.0217,0,0
2025-09-19,LZ_HOUSTON,0.0127,0,0
2025-09-19,LZ_NORTH,0.0141,0,0
2025-09-19,LZ_SOUTH,0.0114,0,0
2025-09-19,LZ_WEST,0.017,0,0
2025-09-20,LZ_HOUSTON,0.0117,0,0
2025-09-20,LZ_NORTH,0.0123,0,0
2025-09-20,LZ_SOUTH,0.0104,0,0
2025-09-20,LZ_WEST,0.0169,0,0
2025-09-21,LZ_HOUSTON,0.0134,0,0
2025-09-21,LZ_NORTH,0.0144,0,0
2025-09-21,LZ_SOUTH,0.0118,0,0
2025-09-21,LZ_WEST,0.0189,0,0
2025-09-22,LZ_HOUSTON,0.0196,0,0
2025-09-22,LZ_NORTH,0.0237,0,0
2025-09-22,LZ_SOUTH,0.0157,0,0
2025-09-22,LZ_WEST,0.025,0,0
2025-09-23,LZ_HOUSTON,0.0244,0,0
2025-09-23,LZ_NORTH,0.0282,0,0
2025-09-23,LZ_SOUTH,0.018,0,0
2025-09-23,LZ_WEST,0.0334,0,0
2025-09-24,LZ_HOUSTON,0.0095,0,0
2025-09-24,LZ_NORTH,0.0098,0,0
2025-09-24,LZ_SOUTH,0.01,0,0
2025-09-24,LZ_WEST,0.0183,0,0
2025-09-25,LZ_HOUSTON,0.0227,0,0
2025-09-25,LZ_NORTH,0.0247,0,0
2025-09-25,LZ_SOUTH,0.0226,0,0
2025-09-25,LZ_WEST,0.0314,0,0
2025-09-26,LZ_HOUSTON,0.0152,0,0
2025-09-26,LZ_NORTH,0.017,0,0
2025-09-26,LZ_SOUTH,0.0145,0,0
2025-09-26,LZ_WEST,0.0189,0,0
2025-09-27,LZ_HOUSTON,0.0129,0,0
2025-09-27,LZ_NORTH,0.0152,0,0
2025-09-27,LZ_SOUTH,0.0118,0,0
2025-09-27,LZ_WEST,0.0159,0,0
2025-09-28,LZ_HOUSTON,0.0144,0,0
2025-09-28,LZ_NORTH,0.0172,0,0
2025-09-28,LZ_SOUTH,0.0133,0,0
2025-09-28,LZ_WEST,0.0185,0,0
2025-09-29,LZ_HOUSTON,0.0182,0,0
2025-09-29,LZ_NORTH,0.0231,0,0
2025-09-29,LZ_SOUTH,0.017,0,0
2025-09-29,LZ_WEST,0.0236,0,0
2025-09-30,LZ_HOUSTON,0.0203,0,0
2025-09-30,LZ_NORTH,0.024,0,0
2025-09-30,LZ_SOUTH,0.0192,0,0
2025-09-30,LZ_WEST,0.0245,0,0
2025-10-01,LZ_HOUSTON,0.0253,0,0
2025-10-01,LZ_NORTH,0.0271,0,0
2025-10-01,LZ_SOUTH,0.0235,0,0
2025-10-01,LZ_WEST,0.0274,0,0
2025-10-02,LZ_HOUSTON,0.0203,0,0
2025-10-02,LZ_NORTH,0.0217,0,0
2025-10-02,LZ_SOUTH,0.0176,0,0
2025-10-02,LZ_WEST,0.0231,0,0
2025-10-03,LZ_HOUSTON,0.0153,0,0
2025-10-03,LZ_NORTH,0.0151,0,0
2025-10-03,LZ_SOUTH,0.0137,0,0
2025-10-03,LZ_WEST,0.0187,0,0
2025-10-04,LZ_HOUSTON,0.011,0,0
2025-10-04,LZ_NORTH,0.0099,0,0
2025-10-04,LZ_SOUTH,0.0118,0,0
2025-10-04,LZ_WEST,0.0154,0,0
2025-10-05,LZ_HOUSTON,0.0174,0,0
2025-10-05,LZ_NORTH,0.0157,0,0
2025-10-05,LZ_SOUTH,0.0191,0,0
2025-10-05,LZ_WEST,0.0215,0,0
2025-10-06,LZ_HOUSTON,0.0269,0,0
2025-10-06,LZ_NORTH,0.0278,0,0
2025-10-06,LZ_SOUTH,0.0207,0,0
2025-10-06,LZ_WEST,0.0287,0,0
2025-10-07,LZ_HOUSTON,0.0258,0,0
2025-10-07,LZ_NORTH,0.0272,0,0
2025-10-07,LZ_SOUTH,0.0226,0,0
2025-10-07,LZ_WEST,0.0278,0,0
2025-10-08,LZ_HOUSTON,0.0286,0,0
2025-10-08,LZ_NORTH,0.0299,0,0
2025-10-08,LZ_SOUTH,0.0317,0,0
2025-10-08,LZ_WEST,0.0327,0,0
2025-10-09,LZ_HOUSTON,0.0238,0,0
2025-10-09,LZ_NORTH,0.0247,0,0
2025-10-09,LZ_SOUTH,0.0228,0,0
2025-10-09,LZ_WEST,0.0269,0,0
2025-10-10,LZ_HOUSTON,0.0224,0,0
2025-10-10,LZ_NORTH,0.0219,0,0
2025-10-10,LZ_SOUTH,0.0199,0,0
2025-10-10,LZ_WEST,0.0239,0,0
2025-10-11,LZ_HOUSTON,0.0116,0,0
2025-10-11,LZ_NORTH,0.0113,0,0
2025-10-11,LZ_SOUTH,0.0131,0,0
2025-10-11,LZ_WEST,0.0122,0,0
2025-10-12,LZ_HOUSTON,0.0165,0,0
2025-10-12,LZ_NORTH,0.0163,0,0
2025-10-12,LZ_SOUTH,0.0161,0,0
2025-10-12,LZ_WEST,0.0174,0,0
2025-10-13,LZ_HOUSTON,0.0261,0,0
2025-10-13,LZ_NORTH,0.0296,0,0
2025-10-13,LZ_SOUTH,0.0232,0,0
2025-10-13,LZ_WEST,0.0301,0,0
2025-10-14,LZ_HOUSTON,0.0319,0,0
2025-10-14,LZ_NORTH,0.0332,0,0
2025-10-14,LZ_SOUTH,0.0307,0,0
2025-10-14,LZ_WEST,0.0334,0,0
2025-10-15,LZ_HOUSTON,0.026,0,0
2025-10-15,LZ_NORTH,0.0267,0,0
2025-10-15,LZ_SOUTH,0.0294,0,0
2025-10-15,LZ_WEST,0.0291,0,0
2025-10-16,LZ_HOUSTON,0.0115,0,0
2025-10-16,LZ_NORTH,0.011,0,0
2025-10-16,LZ_SOUTH,0.0118,0,0
2025-10-16,LZ_WEST,0.0114,0,0
2025-10-17,LZ_HOUSTON,0.0241,0,0
2025-10-17,LZ_NORTH,0.0254,0,0
2025-10-17,LZ_SOUTH,0.0226,0,0
2025-10-17,LZ_WEST,0.0255,0,0
2025-10-18,LZ_HOUSTON,0.0224,0,0
2025-10-18,LZ_NORTH,0.0195,0,0
2025-10-18,LZ_SOUTH,0.0267,0,0
2025-10-18,LZ_WEST,0.0298,0,0
2025-10-19,LZ_HOUSTON,0.012,0,0
2025-10-19,LZ_NORTH,0.011,0,0
2025-10-19,LZ_SOUTH,0.0126,0,0
2025-10-19,LZ_WEST,0.0167,0,0
2025-10-20,LZ_HOUSTON,0.0207,0,0
2025-10-20,LZ_NORTH,0.0199,0,0
2025-10-20,LZ_SOUTH,0.0209,0,0
2025-10-20,LZ_WEST,0.0292,0,0
2025-10-21,LZ_HOUSTON,0.0389,0,0
2025-10-21,LZ_NORTH,0.0364,0,0
2025-10-21,LZ_SOUTH,0.041,0,0
2025-10-21,LZ_WEST,0.046,0,0
2025-10-22,LZ_HOUSTON,0.0178,0,0
2025-10-22,LZ_NORTH,0.0175,0,0
2025-10-22,LZ_SOUTH,0.016,0,0
2025-10-22,LZ_WEST,0.0211,0,0
2025-10-23,LZ_HOUSTON,0.0166,0,0
2025-10-23,LZ_NORTH,0.0166,0,0
2025-10-23,LZ_SOUTH,0.0144,0,0
2025-10-23,LZ_WEST,0.0179,0,0
2025-10-24,LZ_HOUSTON,0.0137,0,0
2025-10-24,LZ_NORTH,0.0141,0,0
2025-10-24,LZ_SOUTH,0.0101,0,0
2025-10-24,LZ_WEST,0.0209,0,0
2025-10-25,LZ_HOUSTON,0.0213,0,0
2025-10-25,LZ_NORTH,0.022,0,0
2025-10-25,LZ_SOUTH,0.0186,0,0
2025-10-25,LZ_WEST,0.0331,0,0
2025-10-26,LZ_HOUSTON,0.0267,0,0
2025-10-26,LZ_NORTH,0.0251,0,0
2025-10-26,LZ_SOUTH,0.0276,0,0
2025-10-26,LZ_WEST,0.033,0,0
2025-10-27,LZ_HOUSTON,0.031,0,0
2025-10-27,LZ_NORTH,0.031,0,0
2025-10-27,LZ_SOUTH,0.0296,0,0
2025-10-27,LZ_WEST,0.0333,0,0
2025-10-28,LZ_HOUSTON,0.0128,0,0
2025-10-28,LZ_NORTH,0.0078,0,0
2025-10-28,LZ_SOUTH,0.0155,0,0
2025-10-28,LZ_WEST,0.0104,0,0
2025-10-29,LZ_HOUSTON,0.0104,0,0
2025-10-29,LZ_NORTH,0.0108,0,0
2025-10-29,LZ_SOUTH,0.0101,0,0
2025-10-29,LZ_WEST,0.02,0,0
2025-10-30,LZ_HOUSTON,0.0242,0,0
2025-10-30,LZ_NORTH,0.0246,0,0
2025-10-30,LZ_SOUTH,0.0244,0,0
2025-10-30,LZ_WEST,0.0384,0,0
2025-10-31,LZ_HOUSTON,0.0151,0,0
2025-10-31,LZ_NORTH,0.0151,0,0
2025-10-31,LZ_SOUTH,0.0155,0,0
2025-10-31,LZ_WEST,0.0185,0,0
2025-11-01,LZ_HOUSTON,0.0199,0,0
2025-11-01,LZ_NORTH,0.0199,0,0
2025-11-01,LZ_SOUTH,0.0192,0,0
2025-11-01,LZ_WEST,0.0256,0,0
2025-11-02,LZ_HOUSTON,0.0186,0,0
2025-11-02,LZ_NORTH,0.0187,0,0
2025-11-02,LZ_SOUTH,0.0187,0,0
2025-11-02,LZ_WEST,0.0227,0,0
2025-11-03,LZ_HOUSTON,0.0173,0,0
2025-11-03,LZ_NORTH,0.0163,0,0
2025-11-03,LZ_SOUTH,0.0176,0,0
2025-11-03,LZ_WEST,0.0168,0,0
2025-11-04,LZ_HOUSTON,0.016,0,0
2025-11-04,LZ_NORTH,0.0144,0,0
2025-11-04,LZ_SOUTH,0.017,0,0
2025-11-04,LZ_WEST,0.0162,0,0
2025-11-05,LZ_HOUSTON,0.0522,0,0
2025-11-05,LZ_NORTH,0.0524,0,0
2025-11-05,LZ_SOUTH,0.0535,0,0
2025-11-05,LZ_WEST,0.0566,0,0
2025-11-06,LZ_HOUSTON,0.0266,0,0
2025-11-06,LZ_NORTH,0.0194,0,0
2025-11-06,LZ_SOUTH,0.0391,0,0
2025-11-06,LZ_WEST,0.0287,0,0
2025-11-07,LZ_HOUSTON,0.0834,0,0
2025-11-07,LZ_NORTH,0.0695,0,0
2025-11-07,LZ_SOUTH,0.1002,0,0
2025-11-07,LZ_WEST,0.0884,0,0
2025-11-08,LZ_HOUSTON,0.0196,0,0
2025-11-08,LZ_NORTH,0.013,0,0
2025-11-08,LZ_SOUTH,0.0305,0,0
2025-11-08,LZ_WEST,0.0243,0,0
2025-11-09,LZ_HOUSTON,0.0105,0,0
2025-11-09,LZ_NORTH,0.0109,0,0
2025-11-09,LZ_SOUTH,0.0088,0,0
2025-11-09,LZ_WEST,0.0146,0,0
2025-11-10,LZ_HOUSTON,0.0302,0,0
2025-11-10,LZ_NORTH,0.0352,0,0
2025-11-10,LZ_SOUTH,0.0255,0,0
2025-11-10,LZ_WEST,0.0393,0,0
2025-11-11,LZ_HOUSTON,0.0082,0,0
2025-11-11,LZ_NORTH,0.008,0,0
2025-11-11,LZ_SOUTH,0.0094,0,0
2025-11-11,LZ_WEST,0.0099,0,0
2025-11-12,LZ_HOUSTON,0.0298,0,0
2025-11-12,LZ_NORTH,0.0325,0,0
2025-11-12,LZ_SOUTH,0.0251,0,0
2025-11-12,LZ_WEST,0.0357,0,0
2025-11-13,LZ_HOUSTON,0.0187,0,0
2025-11-13,LZ_NORTH,0.0188,0,0
2025-11-13,LZ_SOUTH,0.0174,0,0
2025-11-13,LZ_WEST,0.0198,0,0
2025-11-14,LZ_HOUSTON,0.0205,0,0
2025-11-14,LZ_NORTH,0.0212,0,0
2025-11-14,LZ_SOUTH,0.019,0,0
2025-11-14,LZ_WEST,0.0225,0,0
2025-11-15,LZ_HOUSTON,0.0241,0,0
2025-11-15,LZ_NORTH,0.025,0,0
2025-11-15,LZ_SOUTH,0.0227,0,0
2025-11-15,LZ_WEST,0.0266,0,0
2025-11-16,LZ_HOUSTON,0.0461,0,0
2025-11-16,LZ_NORTH,0.0492,0,0
2025-11-16,LZ_SOUTH,0.0453,0,0
2025-11-16,LZ_WEST,0.053,0,0
2025-11-17,LZ_HOUSTON,0.0222,0,0
2025-11-17,LZ_NORTH,0.0223,0,0
2025-11-17,LZ_SOUTH,0.019,0,0
2025-11-17,LZ_WEST,0.0266,0,0
2025-11-18,LZ_HOUSTON,0.0415,0,0
2025-11-18,LZ_NORTH,0.0508,0,0
2025-11-18,LZ_SOUTH,0.0428,0,0
2025-11-18,LZ_WEST,0.0521,0,0
2025-11-19,LZ_HOUSTON,0.0287,0,0
2025-11-19,LZ_NORTH,0.0335,0,0
2025-11-19,LZ_SOUTH,0.0241,0,0
2025-11-19,LZ_WEST,0.0347,0,0
2025-11-20,LZ_HOUSTON,0.0227,0,0
2025-11-20,LZ_NORTH,0.0235,0,0
2025-11-20,LZ_SOUTH,0.0193,0,0
2025-11-20,LZ_WEST,0.0264,0,0
2025-11-21,LZ_HOUSTON,0.0269,0,0
2025-11-21,LZ_NORTH,0.0271,0,0
2025-11-21,LZ_SOUTH,0.0282,0,0
2025-11-21,LZ_WEST,0.0287,0,0
2025-11-22,LZ_HOUSTON,0.0192,0,0
2025-11-22,LZ_NORTH,0.0196,0,0
2025-11-22,LZ_SOUTH,0.0195,0,0
2025-11-22,LZ_WEST,0.02,0,0
2025-11-23,LZ_HOUSTON,0.0124,0,0
2025-11-23,LZ_NORTH,0.0123,0,0
2025-11-23,LZ_SOUTH,0.0112,0,0
2025-11-23,LZ_WEST,0.0159,0,0
2025-11-24,LZ_HOUSTON,0.0194,0,0
2025-11-24,LZ_NORTH,0.0193,0,0
2025-11-24,LZ_SOUTH,0.0199,0,0
2025-11-24,LZ_WEST,0.0223,0,0
2025-11-25,LZ_HOUSTON,0.0223,0,0
2025-11-25,LZ_NORTH,0.0225,0,0
2025-11-25,LZ_SOUTH,0.0253,0,0
2025-11-25,LZ_WEST,0.0251,0,0
2025-11-26,LZ_HOUSTON,0.0207,0,0
2025-11-26,LZ_NORTH,0.02,0,0
2025-11-26,LZ_SOUTH,0.0207,0,0
2025-11-26,LZ_WEST,0.0242,0,0
2025-11-27,LZ_HOUSTON,0.0122,0,0
2025-11-27,LZ_NORTH,0.0127,0,0
2025-11-27,LZ_SOUTH,0.012,0,0
2025-11-27,LZ_WEST,0.0146,0,0
2025-11-28,LZ_HOUSTON,0.0056,0,0
2025-11-28,LZ_NORTH,0.0055,0,0
2025-11-28,LZ_SOUTH,0.0058,0,0
2025-11-28,LZ_WEST,0.0077,0,0
2025-11-29,LZ_HOUSTON,0.0069,0,0
2025-11-29,LZ_NORTH,0.0049,0,0
2025-11-29,LZ_SOUTH,0.01,0,0
2025-11-29,LZ_WEST,0.0098,0,0
2025-11-30,LZ_HOUSTON,0.0144,0,0
2025-11-30,LZ_NORTH,0.0176,0,0
2025-11-30,LZ_SOUTH,0.0156,0,0
2025-11-30,LZ_WEST,0.0233,0,0
2025-12-01,LZ_HOUSTON,0.0237,0,0
2025-12-01,LZ_NORTH,0.0338,0,0
2025-12-01,LZ_SOUTH,0.0382,0,0
2025-12-01,LZ_WEST,0.038,0,0
2025-12-02,LZ_HOUSTON,0.0279,0,0
2025-12-02,LZ_NORTH,0.0529,0,0
2025-12-02,LZ_SOUTH,0.0497,0,0
2025-12-02,LZ_WEST,0.0644,0,0
2025-12-03,LZ_HOUSTON,0.0118,0,0
2025-12-03,LZ_NORTH,0.0109,0,0
2025-12-03,LZ_SOUTH,0.0186,0,0
2025-12-03,LZ_WEST,0.0173,0,0
2025-12-04,LZ_HOUSTON,0.0203,0,0
2025-12-04,LZ_NORTH,0.0362,0,0
2025-12-04,LZ_SOUTH,0.0303,0,0
2025-12-04,LZ_WEST,0.049,0,0
2025-12-05,LZ_HOUSTON,0.022,0,0
2025-12-05,LZ_NORTH,0.0273,0,0
2025-12-05,LZ_SOUTH,0.0327,0,0
2025-12-05,LZ_WEST,0.0308,0,0
2025-12-06,LZ_HOUSTON,0.0132,0,0
2025-12-06,LZ_NORTH,0.0157,0,0
2025-12-06,LZ_SOUTH,0.0171,0,0
2025-12-06,LZ_WEST,0.0205,0,0
2025-12-07,LZ_HOUSTON,0.0122,0,0
2025-12-07,LZ_NORTH,0.0143,0,0
2025-12-07,LZ_SOUTH,0.0131,0,0
2025-12-07,LZ_WEST,0.0196,0,0
2025-12-08,LZ_HOUSTON,0.0168,0,0
2025-12-08,LZ_NORTH,0.022,0,0
2025-12-08,LZ_SOUTH,0.0197,0,0
2025-12-08,LZ_WEST,0.0295,0,0
2025-12-09,LZ_HOUSTON,0.0156,0,0
2025-12-09,LZ_NORTH,0.0149,0,0
2025-12-09,LZ_SOUTH,0.017,0,0
2025-12-09,LZ_WEST,0.018,0,0
2025-12-10,LZ_HOUSTON,0.0161,0,0
2025-12-10,LZ_NORTH,0.0172,0,0
2025-12-10,LZ_SOUTH,0.0166,0,0
2025-12-10,LZ_WEST,0.0248,0,0
2025-12-11,LZ_HOUSTON,0.0099,0,0
2025-12-11,LZ_NORTH,0.0106,0,0
2025-12-11,LZ_SOUTH,0.0103,0,0
2025-12-11,LZ_WEST,0.0162,0,0
2025-12-12,LZ_HOUSTON,0.0138,0,0
2025-12-12,LZ_NORTH,0.0134,0,0
2025-12-12,LZ_SOUTH,0.0141,0,0
2025-12-12,LZ_WEST,0.0166,0,0
2025-12-13,LZ_HOUSTON,0.0115,0,0
2025-12-13,LZ_NORTH,0.0124,0,0
2025-12-13,LZ_SOUTH,0.0141,0,0
2025-12-13,LZ_WEST,0.0225,0,0
2025-12-14,LZ_HOUSTON,0.0161,0,0
2025-12-14,LZ_NORTH,0.0209,0,0
2025-12-14,LZ_SOUTH,0.0152,0,0
2025-12-14,LZ_WEST,0.0287,0,0
2025-12-15,LZ_HOUSTON,0.0224,0,0
2025-12-15,LZ_NORTH,0.0309,0,0
2025-12-15,LZ_SOUTH,0.0302,0,0
2025-12-15,LZ_WEST,0.042,0,0
2025-12-16,LZ_HOUSTON,0.0094,0,0
2025-12-16,LZ_NORTH,0.0114,0,0
2025-12-16,LZ_SOUTH,0.0139,0,0
2025-12-16,LZ_WEST,0.015,0,0
2025-12-17,LZ_HOUSTON,0.0101,0,0
2025-12-17,LZ_NORTH,0.0138,0,0
2025-12-17,LZ_SOUTH,0.015,0,0
2025-12-17,LZ_WEST,0.0219,0,0
2025-12-18,LZ_HOUSTON,0.0106,0,0
2025-12-18,LZ_NORTH,0.0118,0,0
2025-12-18,LZ_SOUTH,0.0139,0,0
2025-12-18,LZ_WEST,0.0189,0,0
2025-12-19,LZ_HOUSTON,0.0061,0,0
2025-12-19,LZ_NORTH,0.0074,0,0
2025-12-19,LZ_SOUTH,0.0074,0,0
2025-12-19,LZ_WEST,0.0128,0,0
2025-12-20,LZ_HOUSTON,0.0074,0,0
2025-12-20,LZ_NORTH,0.0072,0,0
2025-12-20,LZ_SOUTH,0.0075,0,0
2025-12-20,LZ_WEST,0.0106,0,0
2025-12-21,LZ_HOUSTON,0.0129,0,0
2025-12-21,LZ_NORTH,0.0129,0,0
2025-12-21,LZ_SOUTH,0.0131,0,0
2025-12-21,LZ_WEST,0.0231,0,0
2025-12-22,LZ_HOUSTON,0.0053,0,0
2025-12-22,LZ_NORTH,0.0051,0,0
2025-12-22,LZ_SOUTH,0.0055,0,0
2025-12-22,LZ_WEST,0.0082,0,0
2025-12-23,LZ_HOUSTON,0.0077,0,0
2025-12-23,LZ_NORTH,0.0077,0,0
2025-12-23,LZ_SOUTH,0.0077,0,0
2025-12-23,LZ_WEST,0.0091,0,0
2025-12-24,LZ_HOUSTON,0.0074,0,0
2025-12-24,LZ_NORTH,0.0073,0,0
2025-12-24,LZ_SOUTH,0.0074,0,0
2025-12-24,LZ_WEST,0.0076,0,0
2025-12-25,LZ_HOUSTON,0.0075,0,0
2025-12-25,LZ_NORTH,0.0071,0,0
2025-12-25,LZ_SOUTH,0.0079,0,0
2025-12-25,LZ_WEST,0.0098,0,0
2025-12-26,LZ_HOUSTON,0.0146,0,0
2025-12-26,LZ_NORTH,0.0146,0,0
2025-12-26,LZ_SOUTH,0.0124,0,0
2025-12-26,LZ_WEST,0.0194,0,0
2025-12-27,LZ_HOUSTON,0.0046,0,0
2025-12-27,LZ_NORTH,0.0046,0,0
2025-12-27,LZ_SOUTH,0.0042,0,0
2025-12-27,LZ_WEST,0.0051,0,0
2025-12-28,LZ_HOUSTON,0.0038,0,0
2025-12-28,LZ_NORTH,0.0036,0,0
2025-12-28,LZ_SOUTH,0.0042,0,0
2025-12-28,LZ_WEST,0.0052,0,0
2025-12-29,LZ_HOUSTON,0.0124,0,0
2025-12-29,LZ_NORTH,0.0165,0,0
2025-12-29,LZ_SOUTH,0.0106,0,0
2025-12-29,LZ_WEST,0.0235,0,0
2025-12-30,LZ_HOUSTON,0.0151,0,0
2025-12-30,LZ_NORTH,0.0223,0,0
2025-12-30,LZ_SOUTH,0.015,0,0
2025-12-30,LZ_WEST,0.0281,0,0
2025-12-31,LZ_HOUSTON,0.0099,0,0
2025-12-31,LZ_NORTH,0.0102,0,0
2025-12-31,LZ_SOUTH,0.0111,0,0
2025-12-31,LZ_WEST,0.0143,0,0
